-- phpMyAdmin SQL Dump
-- version 4.8.4
-- https://www.phpmyadmin.net/
--
-- Servidor: localhost
-- Tiempo de generación: 15-06-2019 a las 23:19:21
-- Versión del servidor: 5.7.25-28-log
-- Versión de PHP: 7.0.33

SET SQL_MODE = "NO_AUTO_VALUE_ON_ZERO";
SET AUTOCOMMIT = 0;
START TRANSACTION;
SET time_zone = "+00:00";


/*!40101 SET @OLD_CHARACTER_SET_CLIENT=@@CHARACTER_SET_CLIENT */;
/*!40101 SET @OLD_CHARACTER_SET_RESULTS=@@CHARACTER_SET_RESULTS */;
/*!40101 SET @OLD_COLLATION_CONNECTION=@@COLLATION_CONNECTION */;
/*!40101 SET NAMES utf8mb4 */;

--
-- Base de datos: `u159185db1`
--

-- --------------------------------------------------------

--
-- Estructura de tabla para la tabla `alimento`
--

CREATE TABLE `alimento` (
  `idAlimento` int(8) NOT NULL,
  `nombreAli` varchar(60) NOT NULL,
  `calorias` int(8) NOT NULL,
  `gramos` int(8) NOT NULL,
  `proteinas` double(8,0) DEFAULT NULL,
  `hidratosCarbono` double(8,0) DEFAULT NULL,
  `lipidos` double(8,0) DEFAULT NULL,
  `idCategoria` int(11) NOT NULL,
  `fibra` double(8,0) DEFAULT NULL,
  `calcio` double(9,0) DEFAULT NULL,
  `magnesio` double(9,0) DEFAULT NULL,
  `fosforo` double(9,0) DEFAULT NULL,
  `hierro` double(9,0) DEFAULT NULL,
  `sodio` double(9,0) DEFAULT NULL,
  `potasio` double(9,0) DEFAULT NULL,
  `cobre` double(9,0) DEFAULT NULL,
  `zinc` double(9,0) DEFAULT NULL,
  `manganeso` double(9,0) DEFAULT NULL
) ENGINE=InnoDB DEFAULT CHARSET=utf8;

--
-- Volcado de datos para la tabla `alimento`
--

INSERT INTO `alimento` (`idAlimento`, `nombreAli`, `calorias`, `gramos`, `proteinas`, `hidratosCarbono`, `lipidos`, `idCategoria`, `fibra`, `calcio`, `magnesio`, `fosforo`, `hierro`, `sodio`, `potasio`, `cobre`, `zinc`, `manganeso`) VALUES
(1, 'Arroz, integral, cocido', 124, 100, 3, 26, 1, 1, 3, 5, 59, 106, 0, 1, 75, 0, 1, 1),
(2, 'Arroz, integral, crudo', 360, 100, 7, 77, 2, 1, 5, 8, 110, 251, 1, 2, 173, 0, 1, 3),
(3, 'Arroz, tipo 1, cocido', 128, 100, 3, 28, 0, 1, 2, 4, 2, 18, 0, 1, 15, 0, 0, 0),
(4, 'Arroz, tipo 1, crudo', 358, 100, 7, 79, 0, 1, 2, 4, 30, 104, 1, 1, 62, 0, 1, 1),
(5, 'Arroz, tipo 2, cocido', 130, 100, 3, 28, 0, 1, 1, 3, 6, 22, 0, 2, 20, 0, 1, 0),
(6, 'Arroz, tipo 2, crudo', 358, 100, 7, 79, 0, 1, 2, 5, 29, 82, 1, 1, 57, 0, 1, 1),
(7, 'Avena, copos, crudo', 394, 100, 14, 67, 8, 1, 9, 48, 119, 153, 4, 5, 336, 0, 3, 2),
(8, ' Galleta, dulce, maisena', 443, 100, 8, 75, 12, 1, 2, 54, 37, 166, 2, 352, 142, 0, 1, 1),
(9, 'Galleta, dulce, de chocolate', 472, 100, 6, 71, 20, 1, 3, 27, 48, 139, 2, 239, 232, 0, 1, 1),
(10, 'Galleta, dulce, con mermelada', 471, 100, 6, 71, 20, 1, 2, 36, 27, 138, 1, 230, 113, 0, 1, 1),
(11, 'Galleta, dulce, oblea rellena', 502, 100, 6, 68, 25, 1, 2, 23, 48, 124, 2, 137, 240, 0, 1, 0),
(12, 'Galleta, dulce, oblea', 513, 100, 5, 67, 26, 1, 1, 14, 19, 73, 1, 120, 75, 0, 1, 0),
(13, 'Galleta, salado, crema crack', 432, 100, 10, 69, 14, 1, 3, 20, 40, 148, 2, 854, 181, 0, 1, 1),
(14, 'Torta, mezcla para', 419, 100, 6, 85, 6, 1, 2, 59, 28, 333, 1, 463, 75, 0, 1, 0),
(15, 'Pastel', 324, 100, 4, 48, 13, 1, 1, 85, 10, 122, 0, 111, 135, 0, 0, 0),
(16, 'Pastel, listo, chocolate', 410, 100, 6, 55, 18, 1, 1, 75, 28, 197, 2, 283, 212, 0, 1, 0),
(17, 'Pastel, listo, coco', 333, 100, 6, 52, 11, 1, 1, 57, 16, 303, 1, 190, 143, 0, 1, 0),
(18, 'Pastel, listo, maíz', 311, 100, 5, 45, 12, 1, 1, 83, 10, 128, 1, 134, 118, 0, 0, 0),
(19, 'Sémola de maíz, blanca, cruda', 358, 100, 7, 78, 1, 1, 5, 2, 12, 48, 0, 1, 93, 0, 0, 0),
(20, 'Sémola de maíz integral con leche', 112, 100, 2, 24, 1, 1, 1, 43, 6, 41, 0, 28, 70, 0, 0, 0),
(21, 'Cereales, maíz, copos,con', 370, 100, 7, 81, 2, 1, 5, 2, 20, 91, 1, 272, 69, 0, 1, 0),
(22, ' Cereales, maíz, copos, sin', 363, 100, 7, 80, 1, 1, 2, 2, 17, 58, 2, 31, 29, 0, 0, 0),
(23, 'Cereales, crema de avena infantil', 394, 100, 6, 87, 1, 1, 3, 219, 16, 169, 3, 399, 82, 0, 0, 0),
(24, 'Cereales con vitaminas', 381, 100, 9, 82, 2, 1, 5, 584, 72, 515, 13, 1163, 244, 0, 2, 2),
(25, 'Cereal matinal, maíz', 365, 100, 7, 84, 1, 1, 4, 143, 11, 101, 3, 655, 83, 0, 8, 0),
(26, 'Cereal matinal, maíz, azúcar', 377, 100, 5, 89, 1, 1, 2, 56, 8, 43, 4, 405, 52, 0, 8, 0),
(27, 'Crema de arroz, polvo', 386, 100, 7, 84, 1, 1, 1, 7, 51, 153, 1, 1, 115, 0, 2, 1),
(28, 'Crema de maíz, polvo', 333, 100, 5, 86, 2, 1, 4, 323, 30, 303, 4, 594, 166, 0, 1, 0),
(29, 'Salvado de maíz tierno', 78, 100, 2, 14, 2, 1, 0, 53, 16, 75, 0, 21, 162, 0, 0, 0),
(30, 'Salvado de maíz tierno, mezcla para', 402, 100, 2, 80, 13, 1, 3, 31, 9, 45, 1, 223, 55, 0, 0, 0),
(31, 'Harina, de arroz, enriquecida', 363, 100, 1, 86, 0, 1, 1, 1, 4, 36, 31, 17, 13, 0, 8, 0),
(32, 'Harina, de centeno, integral', 336, 100, 13, 73, 2, 1, 15, 34, 120, 340, 5, 41, 334, 1, 3, 4),
(33, 'Harina, de maíz, amarillo', 351, 100, 7, 79, 1, 1, 5, 1, 31, 84, 2, 45, 58, 0, 1, 0),
(34, 'Pan rallado', 371, 100, 11, 76, 1, 1, 5, 35, 57, 195, 7, 332, 212, 0, 2, 2),
(35, 'Harina de trigo', 360, 100, 10, 75, 1, 1, 2, 18, 31, 115, 1, 1, 151, 0, 1, 0),
(36, 'Harina, láctea, de cereales', 415, 100, 12, 78, 6, 1, 2, 196, 58, 296, 9, 125, 366, 0, 2, 1),
(37, 'Lasaña, masa fresca, cocida', 164, 100, 6, 33, 1, 1, 2, 10, 4, 42, 1, 207, 54, 0, 0, 0),
(38, 'Lasaña, masa fresca, cruda', 220, 100, 7, 45, 1, 1, 2, 17, 13, 82, 2, 667, 137, 0, 1, 0),
(39, 'Fideos instantáneos', 436, 100, 9, 62, 17, 1, 6, 18, 19, 112, 1, 1516, 148, 0, 1, 0),
(40, ' Macarrones, trigo, crudo', 371, 100, 10, 78, 1, 1, 3, 17, 28, 100, 1, 7, 147, 0, 1, 1),
(41, 'Macarrones, trigo, crudo, con huevos', 371, 100, 10, 77, 2, 1, 2, 19, 0, 118, 1, 15, 134, 0, 1, 0),
(42, 'Maíz, almidón, crudo', 361, 100, 1, 87, 0, 1, 1, 1, 3, 13, 0, 8, 9, 0, 0, 0),
(43, 'Harina de maíz, cruda', 353, 100, 7, 79, 2, 1, 5, 3, 41, 108, 1, 0, 168, 0, 1, 0),
(44, ' Maíz, tierno, crudo', 138, 100, 7, 29, 1, 1, 4, 2, 33, 113, 0, 1, 185, 0, 1, 0),
(45, 'Maíz, tierno, enlatado', 98, 100, 3, 17, 2, 1, 5, 2, 20, 61, 1, 260, 162, 0, 0, 0),
(46, 'Gachas tradicionales, en polvo', 373, 100, 1, 89, 0, 1, 1, 522, 4, 273, 42, 15, 0, 0, 15, 0),
(47, 'Tortas en barra cocida', 171, 100, 3, 31, 5, 1, 2, 4, 15, 55, 0, 132, 125, 0, 0, 0),
(48, 'Pan de avena', 343, 100, 12, 60, 6, 1, 6, 109, 57, 182, 5, 606, 210, 0, 2, 1),
(49, 'Pan de soja', 309, 100, 11, 57, 4, 1, 6, 90, 48, 153, 3, 663, 296, 0, 1, 1),
(50, 'Pan con gluten', 253, 100, 12, 44, 3, 1, 2, 156, 24, 105, 6, 22, 65, 0, 1, 1),
(51, 'Pan de maíz', 292, 100, 8, 56, 3, 1, 4, 78, 29, 110, 3, 507, 89, 0, 1, 0),
(52, 'Pan de trigo integral', 253, 100, 9, 50, 4, 1, 7, 132, 60, 193, 3, 506, 163, 0, 2, 2),
(53, 'Pan de trigo francés', 300, 100, 8, 59, 3, 1, 2, 16, 25, 95, 0, 648, 142, 0, 1, 0),
(54, 'Pan de trigo arrugado', 311, 100, 8, 61, 3, 1, 2, 52, 22, 101, 2, 431, 91, 0, 3, 0),
(55, 'Pastel de carne, cruda', 289, 100, 11, 42, 9, 1, 1, 17, 18, 117, 2, 1309, 166, 0, 2, 0),
(56, 'Pastel de carne frito', 388, 100, 10, 44, 20, 1, 1, 13, 14, 90, 3, 1040, 156, 0, 1, 0),
(57, 'Pastel de queso crudo', 308, 100, 10, 46, 10, 1, 1, 155, 16, 168, 1, 985, 103, 0, 1, 0),
(58, 'Pastel de queso frito', 422, 100, 9, 48, 23, 1, 1, 126, 15, 124, 1, 821, 124, 0, 1, 0),
(59, 'Pastel, masa, cruda', 310, 100, 7, 57, 5, 1, 1, 13, 14, 73, 1, 1344, 167, 0, 1, 0),
(60, 'Pastel, masa, frita', 570, 100, 6, 49, 41, 1, 1, 11, 13, 62, 1, 1175, 143, 0, 1, 0),
(61, 'Palomitas, con aceite de soja, sin', 448, 100, 10, 70, 16, 1, 14, 3, 91, 225, 1, 4, 256, 0, 2, 1),
(62, 'Polenta, precocida', 103, 100, 2, 23, 0, 1, 2, 1, 4, 17, 0, 442, 100, 0, 0, 0),
(63, 'Tostada, pan francés', 377, 100, 11, 75, 3, 1, 3, 19, 32, 114, 1, 829, 189, 0, 1, 1),
(64, 'Calabaza cocida', 48, 100, 1, 11, 1, 2, 2, 8, 9, 33, 0, 1, 199, 0, 0, 0),
(65, 'Calabaza cruda', 39, 100, 2, 8, 1, 2, 2, 18, 9, 26, 0, 0, 351, 0, 0, 0),
(66, ' Calabaza pequeña brasileña', 14, 100, 1, 3, 0, 2, 1, 9, 4, 12, 0, 0, 165, 0, 0, 0),
(67, 'Calabaza moranga cruda', 12, 100, 1, 3, 0, 2, 2, 3, 2, 8, 0, 0, 125, 0, 0, 0),
(68, 'Calabaza, moranga, rehogada', 29, 100, 0, 6, 1, 2, 2, 19, 7, 12, 0, 3, 183, 0, 0, 0),
(69, 'Calabaza, cuello, cruda', 24, 100, 1, 6, 0, 2, 2, 9, 7, 32, 0, 1, 264, 0, 0, 0),
(70, 'Calabacín italiano, cocido', 15, 100, 1, 3, 0, 2, 2, 17, 17, 22, 0, 1, 126, 0, 0, 0),
(71, 'Calabacín italiano crudo', 19, 100, 1, 4, 0, 2, 1, 15, 20, 32, 0, 0, 253, 0, 0, 0),
(72, 'Calabacín italiano rehogado', 24, 100, 1, 4, 1, 2, 1, 21, 13, 32, 0, 2, 194, 0, 0, 0),
(73, 'Calabacín crudo', 31, 100, 1, 8, 0, 2, 3, 19, 9, 33, 0, 1, 213, 0, 0, 0),
(74, 'Acelga, cruda', 21, 100, 1, 5, 0, 2, 1, 43, 10, 40, 0, 1, 240, 0, 0, 0),
(75, 'Berro crudo', 17, 100, 3, 2, 0, 2, 2, 133, 18, 51, 3, 7, 218, 0, 1, 0),
(76, 'Apio, crudo', 19, 100, 1, 4, 0, 2, 1, 65, 9, 28, 1, 10, 274, 0, 0, 0),
(77, 'Lechuga, americana, cruda', 9, 100, 1, 2, 0, 2, 1, 14, 6, 19, 0, 7, 136, 0, 0, 0),
(78, 'Lechuga rugosa, cruda', 11, 100, 1, 2, 0, 2, 2, 38, 11, 26, 0, 3, 267, 0, 0, 0),
(79, 'Lechuga lisa, cruda', 14, 100, 2, 2, 0, 2, 2, 28, 9, 26, 1, 4, 349, 0, 0, 0),
(80, 'Lechuga morada cruda', 13, 100, 1, 2, 0, 2, 2, 34, 9, 51, 2, 7, 308, 0, 0, 0),
(81, 'Albahaca cruda', 29, 100, 3, 5, 0, 2, 4, 258, 84, 50, 1, 5, 261, 0, 1, 0),
(82, 'Ajo, crudo', 113, 100, 7, 24, 0, 2, 4, 14, 21, 149, 1, 5, 535, 0, 1, 0),
(83, 'Ajo-pan, crudo', 32, 100, 1, 7, 0, 2, 3, 34, 11, 36, 1, 2, 224, 0, 0, 0),
(84, 'Achicoria, cruda', 18, 100, 2, 3, 0, 2, 3, 19, 21, 40, 1, 2, 369, 0, 0, 0),
(85, 'Achicoria rehogada', 65, 100, 2, 6, 5, 2, 3, 63, 17, 31, 2, 15, 315, 0, 0, 0),
(86, 'Patata cocida', 80, 100, 1, 19, 0, 2, 2, 12, 8, 29, 0, 2, 258, 0, 0, 0),
(87, 'Patata cruda', 101, 100, 1, 24, 0, 2, 2, 17, 12, 45, 0, 0, 505, 0, 0, 0),
(88, 'Batata cocida', 77, 100, 1, 18, 0, 2, 2, 17, 11, 15, 0, 3, 148, 0, 0, 0),
(89, 'Batata cruda', 118, 100, 1, 28, 0, 2, 3, 21, 17, 36, 0, 9, 340, 0, 0, 0),
(90, 'Patata, frita, tipo chips', 543, 100, 6, 51, 37, 2, 2, 12, 24, 96, 1, 607, 1014, 0, 1, 0),
(91, 'Patata inglesa, cocida', 52, 100, 1, 12, 0, 2, 1, 4, 5, 24, 0, 2, 161, 0, 0, 0),
(92, 'Patata inglesa, cruda', 64, 100, 2, 15, 0, 2, 1, 4, 15, 39, 0, 0, 302, 0, 0, 0),
(93, 'Patata inglesa, frita', 267, 100, 5, 36, 13, 2, 8, 6, 14, 70, 0, 2, 489, 0, 0, 0),
(94, 'Batata, inglesa, sauté', 68, 100, 1, 14, 1, 2, 1, 4, 6, 32, 0, 8, 199, 0, 0, 0),
(95, ' Berenjena cocida', 19, 100, 1, 4, 0, 2, 3, 11, 9, 15, 0, 1, 105, 0, 0, 0),
(96, ' Berenjena cruda', 20, 100, 1, 4, 0, 2, 3, 9, 13, 20, 0, 0, 205, 0, 0, 0),
(97, ' Remolacha cocida', 32, 100, 1, 7, 0, 2, 2, 15, 17, 30, 0, 23, 245, 0, 0, 0),
(98, ' Remolacha  cruda', 49, 100, 2, 11, 0, 2, 3, 18, 24, 19, 0, 10, 375, 0, 1, 1),
(99, 'Galleta de polvo dulce', 438, 100, 1, 81, 12, 2, 1, 30, 6, 23, 2, 98, 54, 0, 0, 0),
(100, 'Brócoli cocido', 25, 100, 2, 4, 0, 2, 3, 51, 15, 33, 1, 2, 119, 0, 0, 0),
(101, 'Brócoli, crudo', 25, 100, 4, 4, 0, 2, 3, 86, 30, 78, 1, 3, 322, 0, 0, 0),
(102, 'Cará, cozido', 78, 100, 2, 19, 0, 2, 3, 5, 15, 28, 0, 1, 203, 0, 0, 0),
(103, 'Cará, cru', 96, 100, 2, 23, 0, 2, 7, 4, 11, 35, 0, 0, 212, 0, 0, 0),
(104, 'Bledo crudo', 34, 100, 3, 6, 1, 2, 4, 455, 197, 77, 4, 14, 279, 0, 6, 1),
(107, 'Cebolla, cruda', 39, 100, 2, 9, 0, 2, 2, 0, 12, 38, 0, 1, 176, 0, 0, 0),
(108, 'Cebollino, crudo', 20, 100, 2, 3, 0, 2, 4, 80, 25, 27, 1, 2, 206, 0, 0, 0),
(109, 'Zanahoria, cocida', 30, 100, 1, 7, 0, 2, 3, 26, 14, 27, 0, 8, 176, 0, 0, 0),
(110, 'Zanahoria cruda', 34, 100, 1, 8, 0, 2, 3, 23, 11, 28, 0, 3, 315, 0, 0, 0),
(111, 'Achicoria cruda', 14, 100, 1, 3, 0, 2, 2, 45, 14, 13, 0, 14, 425, 0, 0, 0),
(112, 'Cayote cocido', 19, 100, 0, 5, 0, 2, 1, 8, 7, 13, 0, 2, 54, 0, 0, 0),
(113, 'Cayote crudo', 17, 100, 1, 4, 0, 2, 1, 12, 7, 18, 0, 0, 126, 0, 0, 0),
(114, 'Cilantro, hojas deshidratadas', 309, 100, 21, 48, 10, 2, 37, 784, 393, 388, 81, 18, 3223, 4, 5, 10),
(115, 'Col, manteca cruda', 27, 100, 3, 4, 1, 2, 3, 131, 35, 49, 0, 6, 403, 0, 0, 1),
(116, 'Col manteca rehogada', 90, 100, 2, 9, 7, 2, 6, 177, 26, 33, 0, 11, 315, 0, 0, 0),
(117, 'Col cruda', 23, 100, 2, 5, 0, 2, 2, 18, 12, 57, 1, 3, 256, 0, 0, 0),
(118, 'Col cocida', 19, 100, 1, 4, 0, 2, 2, 16, 5, 25, 0, 2, 80, 0, 0, 0),
(119, 'Espinaca cruda', 16, 100, 2, 3, 0, 2, 2, 98, 82, 25, 0, 17, 336, 0, 0, 1),
(120, 'Espinaca rehogada', 67, 100, 3, 4, 5, 2, 3, 112, 123, 34, 1, 47, 149, 0, 1, 1),
(121, 'Harina, de yuca cruda', 361, 100, 2, 88, 0, 2, 6, 65, 0, 42, 1, 1, 340, 0, 0, 0),
(122, 'Harina de yuca, tostada', 365, 100, 1, 89, 0, 2, 7, 76, 40, 39, 1, 10, 328, 0, 0, 0),
(123, 'Harina de maíz', 360, 100, 2, 87, 0, 2, 4, 41, 27, 33, 1, 4, 338, 0, 0, 0),
(124, 'Fécula de maíz', 331, 100, 1, 81, 0, 2, 1, 12, 3, 60, 0, 2, 48, 0, 0, 0),
(126, 'Ñame cruda', 97, 100, 2, 23, 0, 2, 2, 12, 29, 65, 0, 0, 568, 0, 0, 0),
(127, 'Jiló, crudo', 27, 100, 1, 6, 0, 2, 5, 20, 21, 29, 0, 0, 213, 0, 0, 0),
(129, 'Mandioca, cozida', 125, 100, 1, 30, 0, 2, 2, 19, 27, 22, 0, 1, 100, 0, 0, 0),
(130, 'Mandioca, cruda', 151, 100, 1, 36, 0, 2, 2, 15, 44, 29, 0, 2, 208, 0, 0, 0),
(131, 'Mandioca,harina templada', 406, 100, 2, 80, 9, 2, 8, 66, 34, 45, 1, 575, 201, 0, 0, 0),
(132, 'Mandioca, frita', 300, 100, 1, 50, 11, 2, 2, 23, 95, 57, 0, 9, 176, 0, 0, 0),
(133, 'Albahaca, cruda', 21, 100, 2, 4, 0, 2, 3, 211, 58, 40, 1, 4, 252, 0, 0, 0),
(135, 'Mostaza, hoja, cruda', 18, 100, 2, 3, 0, 2, 2, 68, 16, 58, 1, 3, 364, 0, 0, 0),
(136, 'Nocé, patata, cocida al horno', 181, 100, 6, 37, 2, 2, 2, 11, 18, 68, 2, 7, 164, 0, 0, 0),
(137, 'Nabo, crudo', 18, 100, 1, 4, 0, 2, 3, 42, 15, 17, 0, 2, 280, 0, 0, 4),
(138, 'Palmito, palmera en conserva', 23, 100, 2, 4, 0, 2, 3, 58, 34, 40, 0, 514, 244, 0, 1, 11),
(139, 'Palmito, pupunha, en conserva', 29, 100, 2, 6, 0, 2, 3, 32, 25, 55, 0, 563, 206, 0, 0, 0),
(140, ' Pan de queso, asado', 363, 100, 5, 34, 25, 2, 1, 102, 8, 94, 0, 773, 93, 0, 1, 0),
(141, ' Pan de queso, crudo', 295, 100, 4, 39, 14, 2, 1, 88, 7, 79, 0, 405, 58, 0, 0, 0),
(142, 'Pepino, crudo', 10, 100, 1, 2, 0, 2, 1, 10, 9, 12, 0, 0, 154, 0, 0, 0),
(143, 'Pimiento, amarillo, crudo', 28, 100, 1, 6, 0, 2, 2, 10, 11, 22, 0, 0, 221, 0, 0, 0),
(144, 'Pimiento verde crudo', 21, 100, 1, 5, 0, 2, 3, 9, 8, 17, 0, 0, 174, 0, 0, 0),
(145, 'Pimiento rojo crudo', 23, 100, 1, 5, 0, 2, 2, 6, 11, 20, 0, 0, 211, 0, 0, 0),
(146, 'Polvo dulce', 351, 100, 0, 87, 0, 2, 0, 27, 4, 8, 1, 2, 38, 0, 0, 0),
(147, 'Quiabo, crudo', 30, 100, 2, 6, 0, 2, 5, 112, 50, 56, 0, 1, 249, 0, 1, 0),
(148, 'Rábano, crudo', 14, 100, 1, 3, 0, 2, 2, 21, 10, 25, 0, 11, 328, 0, 0, 0),
(149, 'Repollo, blanco, crudo', 17, 100, 1, 4, 0, 2, 2, 35, 9, 14, 0, 4, 150, 0, 0, 0),
(150, 'Repollo, morado, crudo', 31, 100, 2, 7, 0, 2, 2, 44, 18, 58, 1, 2, 328, 1, 0, 0),
(151, 'Repollo, morado, rehogado', 42, 100, 2, 8, 1, 2, 2, 43, 17, 59, 0, 3, 321, 0, 0, 0),
(152, 'Rúcula, cruda', 13, 100, 2, 2, 0, 2, 2, 117, 18, 25, 1, 9, 233, 0, 0, 0),
(153, 'Perejil crudo', 33, 100, 3, 6, 1, 2, 2, 179, 21, 49, 3, 2, 711, 0, 1, 2),
(154, 'Selecta de verduras, enlatada', 57, 100, 3, 13, 0, 2, 3, 16, 16, 49, 1, 398, 122, 0, 1, 0),
(155, 'Serral, crudo', 30, 100, 3, 5, 1, 2, 4, 126, 30, 48, 1, 19, 265, 0, 1, 0),
(156, 'Taioba, cruda', 34, 100, 3, 5, 1, 2, 4, 141, 38, 53, 2, 1, 290, 0, 1, 1),
(157, 'Tomate, con semillas, crudo', 15, 100, 1, 3, 0, 2, 1, 7, 11, 20, 0, 1, 222, 0, 0, 0),
(158, 'Tomate, extrato', 61, 100, 2, 15, 0, 2, 3, 29, 29, 47, 2, 498, 680, 0, 0, 0),
(159, 'Salsa de tomate industrializado', 38, 100, 1, 8, 1, 2, 3, 12, 17, 27, 2, 418, 388, 0, 0, 0),
(160, 'Puré de tomate', 28, 100, 1, 7, 0, 2, 1, 13, 15, 30, 1, 104, 308, 0, 0, 0),
(161, 'Tomate de ensalada', 21, 100, 1, 5, 0, 2, 2, 7, 10, 23, 0, 5, 161, 0, 0, 0),
(162, 'Judía verde cruda', 25, 100, 2, 5, 0, 2, 2, 41, 18, 28, 0, 0, 208, 0, 0, 0),
(163, 'Aguacate crudo', 96, 100, 1, 6, 8, 3, 6, 8, 15, 22, 0, 0, 206, 0, 0, 0),
(164, 'Piña cruda', 48, 100, 1, 12, 0, 3, 1, 22, 18, 13, 0, 0, 131, 0, 0, 2),
(165, 'Piña, pulpa, congelada', 31, 100, 0, 8, 0, 3, 0, 14, 10, 8, 0, 1, 107, 0, 0, 1),
(166, ' Abió, crudo', 62, 100, 1, 15, 1, 3, 2, 6, 9, 20, 0, 0, 128, 0, 0, 0),
(167, 'Acai, pulpa, con jarabe de agua', 110, 100, 1, 21, 4, 3, 2, 22, 13, 11, 0, 15, 75, 0, 0, 3),
(168, 'Acai, pulpa, congelada', 58, 100, 1, 6, 4, 3, 3, 35, 17, 16, 0, 5, 124, 0, 0, 6),
(169, 'Acerola, cruda', 33, 100, 1, 8, 0, 3, 2, 13, 13, 9, 0, 0, 165, 0, 0, 0),
(170, 'Acerola, pulpa, congelada', 22, 100, 1, 6, 0, 3, 1, 8, 9, 13, 0, 1, 112, 0, 0, 0),
(171, 'Ciruela, caldera, enlatada', 183, 100, 0, 47, 0, 3, 1, 13, 10, 21, 2, 3, 221, 0, 0, 0),
(172, 'Ciruela cruda', 53, 100, 1, 14, 0, 3, 2, 6, 5, 14, 0, 0, 134, 0, 0, 0),
(173, 'Ciruela, en almíbar, enlatada', 177, 100, 1, 48, 0, 3, 5, 39, 14, 26, 3, 3, 263, 0, 0, 0),
(174, 'Atemóia, cruda', 97, 100, 1, 25, 0, 3, 2, 23, 25, 23, 0, 1, 300, 0, 0, 0),
(175, 'Banana, de la tierra, cruda', 128, 100, 1, 34, 0, 3, 2, 4, 24, 26, 0, 0, 328, 0, 0, 0),
(176, 'Banana, dulce en barra', 280, 100, 2, 76, 0, 3, 4, 12, 49, 37, 1, 10, 518, 0, 0, 1),
(177, 'Higo, crudo', 105, 100, 1, 28, 0, 3, 3, 6, 30, 16, 0, 0, 387, 0, 0, 0),
(178, 'Manzana, cruda', 87, 100, 2, 22, 0, 3, 3, 3, 24, 29, 0, 0, 264, 0, 0, 1),
(179, 'Platano crudo', 92, 100, 1, 24, 0, 3, 2, 3, 28, 27, 0, 0, 376, 0, 0, 0),
(182, 'Banana, prata, crua', 98, 100, 1, 26, 0, 3, 2, 8, 26, 22, 0, 0, 358, 0, 0, 0),
(183, 'Cacao, crudo', 74, 100, 1, 19, 0, 3, 2, 12, 25, 9, 0, 1, 72, 0, 1, 0),
(186, 'Anacardo crudo', 43, 100, 1, 10, 0, 3, 2, 1, 10, 16, 0, 3, 124, 0, 0, 0),
(188, 'Jugo concentrado de anacardo, envasado', 45, 100, 0, 11, 0, 3, 1, 1, 8, 11, 0, 45, 107, 0, 0, 0),
(189, 'Caqui, chocolate, crudo', 71, 100, 0, 19, 0, 3, 7, 18, 9, 18, 0, 2, 164, 0, 0, 0),
(190, 'Carambola, cruda', 46, 100, 1, 11, 0, 3, 2, 5, 7, 11, 0, 4, 133, 0, 0, 0),
(191, 'Ciriguela, cruda', 76, 100, 1, 19, 0, 3, 4, 27, 18, 49, 0, 2, 248, 0, 1, 0),
(194, 'Higo crudo', 41, 100, 1, 10, 0, 3, 2, 27, 11, 15, 0, 0, 174, 0, 0, 0),
(195, 'Higo enlatado en jugo', 184, 100, 1, 50, 0, 3, 2, 33, 7, 6, 1, 7, 39, 0, 0, 0),
(196, 'Frutipan cruda', 67, 100, 1, 17, 0, 3, 6, 34, 24, 27, 0, 1, 188, 0, 0, 0),
(197, 'Guayaba blanca con cáscara, cruda', 52, 100, 1, 12, 0, 3, 6, 5, 7, 16, 0, 0, 220, 0, 0, 0),
(198, 'Guayaba dulce en pasta', 269, 100, 1, 74, 0, 3, 4, 10, 6, 54, 0, 4, 165, 0, 0, 0),
(199, 'Cacao de guayaba dulce', 286, 100, 0, 79, 0, 3, 4, 15, 10, 28, 0, 11, 251, 0, 0, 0),
(200, 'Guayaba roja con cáscara cruda', 54, 100, 1, 13, 0, 3, 6, 4, 7, 15, 0, 0, 198, 0, 0, 0),
(201, 'Guanábana cruda', 62, 100, 1, 16, 0, 3, 2, 40, 23, 19, 0, 4, 250, 0, 0, 0),
(202, 'Guanábana, pulpa congelada', 38, 100, 1, 10, 0, 3, 1, 6, 10, 17, 0, 3, 170, 0, 0, 0),
(204, 'Jaca, cruda', 88, 100, 1, 22, 0, 3, 2, 11, 40, 14, 0, 2, 234, 0, 0, 0),
(205, 'Yambo, crudo', 27, 100, 1, 6, 0, 3, 5, 14, 14, 18, 0, 22, 135, 0, 0, 0),
(206, 'Jamelón, crudo', 41, 100, 1, 11, 0, 3, 2, 3, 2, 4, 0, 1, 394, 0, 0, 0),
(207, 'Kiwi, crudo', 51, 100, 1, 11, 1, 3, 3, 24, 11, 33, 0, 0, 269, 0, 0, 0),
(208, 'Naranja cruda', 45, 100, 1, 11, 0, 3, 1, 35, 9, 24, 0, 0, 174, 0, 0, 0),
(209, 'Zumo de naranja', 37, 100, 1, 9, 0, 3, 0, 6, 8, 22, 0, 0, 173, 0, 0, 0),
(212, 'Naranja, lima, cruda', 46, 100, 1, 12, 0, 3, 2, 31, 10, 15, 0, 1, 130, 0, 0, 0),
(213, ' Jugo de naranja, lima', 39, 100, 1, 9, 0, 3, 0, 8, 11, 16, 0, 0, 129, 0, 0, 0),
(214, 'Pera cruda', 37, 100, 1, 9, 0, 3, 1, 22, 9, 23, 0, 0, 163, 0, 0, 0),
(215, 'Jugo de pera', 33, 100, 1, 8, 0, 3, 0, 7, 8, 14, 0, 0, 149, 0, 0, 0),
(216, ' Naranja, valenciana, cruda', 46, 100, 1, 12, 0, 3, 2, 34, 14, 20, 0, 1, 158, 0, 0, 0),
(217, 'Jugo de naranja valenciana', 36, 100, 0, 9, 0, 3, 0, 9, 10, 17, 0, 0, 143, 0, 0, 0),
(218, 'Jugo de limón, clavo', 14, 100, 0, 5, 0, 3, 0, 10, 9, 11, 0, 0, 120, 0, 0, 0),
(221, 'Manzana, Argentina, con cáscara, cruda', 63, 100, 0, 17, 0, 3, 2, 3, 5, 11, 0, 1, 117, 0, 0, 0),
(222, 'Manzana fuji con cáscara, cruda', 56, 100, 0, 15, 0, 3, 1, 2, 2, 9, 0, 0, 75, 0, 0, 0),
(223, 'Macaúba, cruda', 404, 100, 2, 14, 41, 3, 13, 67, 66, 44, 1, 1, 306, 0, 1, 0),
(224, 'Mamão, doce em calda, drenado', 196, 100, 0, 54, 0, 3, 1, 20, 6, 4, 0, 3, 68, 0, 0, 0),
(225, 'Mamão, Formosa, cru', 45, 100, 1, 12, 0, 3, 2, 25, 17, 11, 0, 3, 222, 1, 0, 0),
(226, 'Mamão, Papaia, cru', 40, 100, 0, 10, 0, 3, 1, 22, 22, 11, 0, 2, 126, 0, 0, 0),
(227, 'Mamão verde, doce em calda, dr', 209, 100, 0, 58, 0, 3, 1, 12, 5, 3, 0, 5, 9, 0, 0, 0),
(228, 'Manga, Haden, crua', 64, 100, 0, 17, 0, 3, 2, 12, 8, 9, 0, 1, 148, 0, 0, 0),
(229, 'Manga, Palmer, crua', 72, 100, 0, 19, 0, 3, 2, 12, 9, 14, 0, 2, 157, 0, 0, 0),
(230, 'Manga, polpa, congelada', 48, 100, 0, 13, 0, 3, 1, 7, 9, 9, 0, 7, 131, 0, 0, 0),
(231, 'Manga, Tommy Atkins, crua', 51, 100, 1, 13, 0, 3, 2, 8, 7, 14, 0, 0, 138, 0, 0, 0),
(232, 'Maracujá, cru', 68, 100, 2, 12, 2, 3, 1, 5, 28, 51, 1, 2, 338, 0, 0, 0),
(233, 'Maracujá, polpa, congelada', 39, 100, 1, 10, 0, 3, 1, 5, 10, 15, 0, 8, 228, 0, 0, 0),
(234, 'Maracujá, suco concentrado, en', 42, 100, 1, 10, 0, 3, 0, 4, 4, 14, 0, 22, 201, 0, 0, 0),
(235, 'Melancia, crua', 33, 100, 1, 8, 0, 3, 0, 8, 10, 12, 0, 0, 104, 0, 0, 0),
(236, 'Melão, cru', 29, 100, 1, 8, 0, 3, 0, 3, 6, 10, 0, 11, 0, 0, 0, 0),
(237, 'Mexerica, Murcote, crua', 58, 100, 1, 15, 0, 3, 3, 33, 12, 19, 0, 1, 159, 0, 0, 0),
(238, 'Mexerica, Rio, crua', 37, 100, 1, 9, 0, 3, 3, 17, 8, 14, 0, 2, 125, 0, 0, 0),
(239, 'Morango, cru', 30, 100, 1, 7, 0, 3, 2, 11, 10, 22, 0, 0, 184, 0, 0, 0),
(240, 'Nêspera, crua', 43, 100, 0, 12, 0, 3, 3, 20, 10, 10, 0, 0, 113, 0, 0, 0),
(241, 'Pequi, cru', 205, 100, 2, 13, 18, 3, 19, 32, 30, 34, 0, 0, 298, 0, 1, 1),
(242, 'Pêra, Park, crua', 61, 100, 0, 16, 0, 3, 3, 9, 6, 12, 0, 1, 102, 0, 0, 0),
(243, 'Pêra, Williams, crua', 53, 100, 1, 14, 0, 3, 3, 8, 6, 12, 0, 0, 116, 0, 0, 0),
(244, 'Pêssego, Aurora, cru', 36, 100, 1, 9, 0, 3, 1, 3, 4, 15, 0, 0, 124, 0, 0, 0),
(245, 'Pêssego, enlatado, em calda', 63, 100, 1, 17, 0, 3, 1, 4, 4, 9, 1, 3, 95, 0, 0, 0),
(246, 'Pinha, crua', 88, 100, 1, 22, 0, 3, 3, 21, 31, 34, 0, 1, 283, 0, 0, 0),
(247, 'Pitanga, crua', 41, 100, 1, 10, 0, 3, 3, 18, 12, 13, 0, 2, 113, 0, 0, 0),
(248, 'Pitanga, polpa, congelada', 19, 100, 0, 5, 0, 3, 1, 8, 6, 12, 0, 5, 87, 0, 0, 0),
(249, 'Romã, crua', 56, 100, 0, 15, 0, 3, 0, 5, 13, 40, 0, 1, 485, 0, 1, 0),
(250, 'Tamarindo, cru', 276, 100, 3, 73, 0, 3, 6, 37, 59, 55, 1, 0, 723, 0, 1, 0),
(251, 'Tangerina, Poncã, crua', 38, 100, 1, 10, 0, 3, 1, 13, 8, 12, 0, 0, 131, 0, 0, 0),
(252, 'Tangerina, Poncã, suco', 36, 100, 1, 9, 0, 3, 0, 4, 6, 9, 0, 0, 119, 0, 0, 0),
(253, 'Tucumã, cru', 262, 100, 2, 26, 19, 3, 13, 46, 121, 53, 1, 4, 401, 0, 1, 1),
(254, 'Umbu, cru', 37, 100, 1, 9, 0, 3, 2, 12, 11, 13, 0, 0, 152, 0, 0, 0),
(255, 'Umbu, polpa, congelada', 34, 100, 1, 9, 0, 3, 1, 11, 8, 13, 0, 6, 154, 0, 0, 0),
(256, 'Uva, Itália, crua', 53, 100, 1, 14, 0, 3, 1, 7, 5, 12, 0, 0, 162, 0, 0, 0),
(257, 'Uva, Rubi, crua', 49, 100, 1, 13, 0, 3, 1, 8, 6, 23, 0, 8, 159, 0, 0, 0),
(258, 'Uva, suco concentrado, envasad', 58, 100, 0, 15, 0, 3, 0, 9, 7, 10, 0, 10, 54, 0, 0, 0),
(259, 'Azeite, de dendê', 884, 100, 0, 0, 0, 4, 0, 0, 0, 0, 0, 0, 0, 0, 0, 0),
(260, 'Azeite, de oliva, extra virgem', 884, 100, 0, 0, 0, 4, 0, 0, 0, 0, 0, 0, 0, 0, 0, 0),
(261, 'Manteiga, com sal', 726, 100, 0, 0, 82, 4, 0, 9, 1, 28, 0, 579, 15, 0, 0, 0),
(262, 'Manteiga, sem sal', 758, 100, 0, 0, 86, 4, 0, 4, 1, 7, 0, 4, 5, 0, 0, 0),
(263, 'Margarina, com óleo hidrogenad', 596, 100, 0, 0, 67, 4, 0, 6, 1, 7, 0, 894, 21, 0, 0, 0),
(264, 'Margarina, com óleo hidrogenad', 723, 100, 0, 0, 82, 4, 0, 3, 1, 4, 0, 78, 2, 0, 0, 0),
(265, 'Margarina, com óleo interester', 594, 100, 0, 0, 67, 4, 0, 5, 1, 6, 0, 561, 15, 0, 0, 0),
(266, 'Margarina, com óleo interester', 593, 100, 0, 0, 67, 4, 0, 5, 1, 7, 0, 33, 5, 0, 0, 0),
(267, 'Óleo, de babaçu', 884, 100, 0, 0, 0, 4, 0, 0, 0, 0, 0, 0, 0, 0, 0, 0),
(268, 'Óleo, de canola', 884, 100, 0, 0, 0, 4, 0, 0, 0, 0, 0, 0, 0, 0, 0, 0),
(269, 'Óleo, de girassol', 884, 100, 0, 0, 0, 4, 0, 0, 0, 0, 0, 0, 0, 0, 0, 0),
(270, 'Óleo, de milho', 884, 100, 0, 0, 0, 4, 0, 0, 0, 0, 0, 0, 0, 0, 0, 0),
(271, 'Óleo, de pequi', 884, 100, 0, 0, 0, 4, 0, 0, 0, 0, 0, 0, 0, 0, 0, 0),
(272, 'Óleo, de soja', 884, 100, 0, 0, 0, 4, 0, 0, 0, 0, 0, 0, 0, 0, 0, 0),
(273, 'Abadejo, filé, congelado, assa', 112, 100, 24, 0, 1, 5, 0, 23, 20, 338, 1, 334, 156, 0, 1, 0),
(274, 'Abadejo, filé, congelado,cozid', 91, 100, 19, 0, 1, 5, 0, 17, 16, 351, 0, 189, 146, 0, 0, 0),
(275, 'Abadejo, filé, congelado, cru', 59, 100, 13, 0, 0, 5, 0, 10, 14, 91, 0, 79, 148, 0, 0, 0),
(276, 'Abadejo, filé, congelado, grel', 130, 100, 28, 0, 1, 5, 0, 20, 22, 581, 0, 305, 279, 0, 0, 0),
(277, 'Atum, conserva em óleo', 166, 100, 26, 0, 6, 5, 0, 7, 29, 211, 1, 362, 280, 0, 1, 0),
(278, 'Atum, fresco, cru', 118, 100, 26, 0, 1, 5, 0, 7, 32, 254, 1, 30, 308, 0, 0, 0),
(279, 'Bacalhau, salgado, cru', 136, 100, 29, 0, 1, 5, 0, 157, 49, 186, 1, 13585, 434, 0, 1, 0),
(280, 'Bacalhau, salgado, refogado', 140, 100, 24, 1, 4, 5, 0, 59, 15, 51, 0, 1256, 50, 0, 1, 0),
(281, 'Cação, posta, com farinha de t', 208, 100, 25, 3, 10, 5, 1, 30, 26, 462, 1, 160, 420, 0, 1, 0),
(282, 'Cação, posta, cozida', 116, 100, 26, 0, 1, 5, 0, 10, 21, 204, 0, 115, 249, 0, 1, 0),
(283, 'Cação, posta, crua', 83, 100, 18, 0, 1, 5, 0, 9, 19, 181, 0, 176, 299, 0, 0, 0),
(284, 'Camarão, Rio Grande, grande, c', 90, 100, 19, 0, 1, 5, 0, 90, 19, 266, 1, 367, 102, 0, 1, 0),
(285, 'Camarão, Rio Grande, grande, c', 47, 100, 10, 0, 1, 5, 0, 51, 27, 234, 1, 201, 72, 0, 1, 0),
(286, 'Camarão, Sete Barbas, sem cabe', 231, 100, 18, 3, 16, 5, 0, 960, 74, 337, 2, 99, 107, 0, 1, 0),
(287, 'Caranguejo, cozido', 83, 100, 18, 0, 0, 5, 0, 357, 52, 154, 3, 360, 186, 1, 6, 0),
(288, 'Corimba, cru', 128, 100, 17, 0, 6, 5, 0, 40, 23, 190, 1, 47, 317, 0, 0, 0),
(289, 'Corimbatá, assado', 261, 100, 20, 0, 20, 5, 0, 22, 24, 221, 1, 40, 326, 0, 1, 0),
(290, 'Corimbatá, cozido', 239, 100, 20, 0, 17, 5, 0, 65, 23, 185, 1, 37, 254, 0, 1, 0),
(291, 'Corvina de água doce, crua', 101, 100, 19, 0, 2, 5, 0, 39, 24, 154, 0, 45, 293, 0, 0, 0),
(292, 'Corvina do mar, crua', 94, 100, 19, 0, 2, 5, 0, 0, 24, 183, 0, 68, 339, 0, 0, 0),
(293, 'Corvina grande, assada', 147, 100, 27, 0, 4, 5, 0, 60, 24, 176, 1, 85, 291, 0, 1, 0),
(294, 'Corvina grande, cozida', 100, 100, 23, 0, 3, 5, 0, 69, 22, 164, 1, 68, 194, 0, 1, 0),
(295, 'Dourada de água doce, fresca', 131, 100, 19, 0, 6, 5, 0, 12, 26, 189, 0, 40, 393, 0, 0, 0),
(296, 'Lambari, congelado, cru', 131, 100, 17, 0, 7, 5, 0, 1181, 45, 696, 1, 48, 244, 0, 3, 0),
(297, 'Lambari, congelado, frito', 327, 100, 28, 0, 23, 5, 0, 1881, 66, 1067, 1, 65, 331, 0, 6, 0),
(298, 'Lambari, fresco,cru', 152, 100, 16, 0, 9, 5, 0, 590, 32, 441, 1, 41, 207, 0, 2, 0),
(299, 'Manjuba, com farinha de trigo,', 344, 100, 23, 10, 23, 5, 0, 763, 47, 578, 3, 37, 319, 0, 4, 0),
(300, 'Manjuba, frita', 349, 100, 30, 0, 24, 5, 0, 575, 32, 735, 1, 41, 318, 0, 3, 0),
(301, 'Merluza, filé, assado', 122, 100, 27, 0, 1, 5, 0, 36, 20, 273, 0, 120, 364, 0, 1, 0),
(302, 'Merluza, filé, cru', 89, 100, 17, 0, 2, 5, 0, 20, 27, 185, 0, 80, 340, 0, 0, 0),
(303, 'Merluza, filé, frito', 192, 100, 27, 0, 8, 5, 0, 36, 38, 279, 0, 90, 447, 0, 1, 0),
(304, 'Pescada, branca, crua', 111, 100, 16, 0, 5, 5, 0, 16, 19, 136, 0, 76, 261, 0, 0, 0),
(305, 'Pescada, branca, frita', 223, 100, 27, 0, 12, 5, 0, 378, 30, 504, 1, 107, 355, 0, 1, 0),
(306, 'Pescada, filé, com farinha de ', 283, 100, 21, 5, 19, 5, 0, 26, 28, 216, 1, 91, 216, 0, 0, 0),
(307, 'Pescada, filé, cru', 107, 100, 17, 0, 4, 5, 0, 14, 23, 141, 0, 77, 253, 0, 0, 0),
(308, 'Pescada, filé, frito', 154, 100, 29, 0, 4, 5, 0, 10, 21, 204, 0, 115, 249, 0, 1, 0),
(309, 'Pescada, filé, molho escabeche', 142, 100, 12, 5, 8, 5, 1, 20, 18, 105, 1, 51, 208, 0, 0, 0),
(310, 'Pescadinha, crua', 76, 100, 15, 0, 1, 5, 0, 332, 34, 327, 1, 120, 304, 0, 1, 0),
(311, 'Pintado, assado', 192, 100, 36, 0, 4, 5, 0, 114, 42, 332, 1, 81, 527, 0, 2, 0),
(312, 'Pintado, cru', 91, 100, 19, 0, 1, 5, 0, 12, 24, 174, 0, 43, 294, 0, 0, 0),
(313, 'Pintado, grelhado', 152, 100, 31, 0, 2, 5, 0, 69, 27, 237, 0, 53, 360, 0, 1, 0),
(314, 'Porquinho, cru', 93, 100, 20, 0, 1, 5, 0, 26, 24, 207, 0, 67, 313, 0, 1, 0),
(315, 'Salmão, filé, com pele, fresco', 229, 100, 24, 0, 14, 5, 0, 29, 28, 300, 1, 85, 384, 0, 1, 0),
(316, 'Salmão, sem pele, fresco, cru', 170, 100, 19, 0, 10, 5, 0, 9, 27, 259, 0, 64, 376, 0, 0, 0),
(317, 'Salmão, sem pele, fresco, grel', 243, 100, 26, 0, 15, 5, 0, 15, 38, 352, 0, 96, 518, 0, 0, 0),
(318, 'Sardinha, assada', 164, 100, 32, 0, 3, 5, 0, 438, 51, 578, 1, 74, 574, 0, 2, 0),
(319, 'Sardinha, conserva em óleo', 285, 100, 16, 0, 24, 5, 0, 550, 35, 496, 4, 666, 367, 0, 2, 0),
(320, 'Sardinha, frita', 257, 100, 33, 0, 13, 5, 0, 482, 39, 629, 1, 60, 460, 0, 2, 0),
(321, 'Sardinha, inteira, crua', 114, 100, 21, 0, 3, 5, 0, 167, 29, 294, 1, 60, 312, 0, 1, 0),
(322, 'Tucunaré, filé, congelado, cru', 88, 100, 18, 0, 1, 5, 0, 19, 26, 168, 0, 57, 288, 0, 0, 0),
(323, 'Apresuntado', 129, 100, 13, 3, 7, 6, 0, 23, 15, 225, 1, 943, 270, 0, 2, 0),
(324, 'Caldo de carne, tablete', 241, 100, 8, 15, 17, 6, 1, 129, 22, 123, 0, 22180, 218, 0, 0, 0),
(325, 'Caldo de galinha, tablete', 251, 100, 6, 11, 20, 6, 12, 16, 13, 48, 1, 22300, 68, 0, 0, 0),
(326, 'Carne, bovina, acém, moído, co', 212, 100, 27, 0, 11, 6, 0, 4, 17, 164, 3, 52, 256, 0, 8, 0),
(327, 'Carne, bovina, acém, moído, cr', 137, 100, 19, 0, 6, 6, 0, 3, 14, 158, 2, 49, 237, 0, 6, 0),
(328, 'Carne, bovina, acém, sem gordu', 215, 100, 27, 0, 11, 6, 0, 7, 14, 164, 2, 56, 254, 0, 8, 0),
(329, 'Carne, bovina, acém, sem gordu', 144, 100, 21, 0, 6, 6, 0, 5, 13, 144, 2, 50, 234, 0, 5, 0),
(330, 'Carne, bovina, almôndegas, cru', 189, 100, 12, 10, 11, 6, 0, 22, 24, 145, 2, 621, 328, 0, 2, 0),
(331, 'Carne, bovina, almôndegas, fri', 272, 100, 18, 14, 16, 6, 0, 27, 48, 244, 2, 1030, 536, 0, 3, 0),
(332, 'Carne, bovina, bucho, cozido', 133, 100, 22, 0, 5, 6, 0, 13, 7, 63, 1, 38, 70, 0, 2, 0),
(333, 'Carne, bovina, bucho, cru', 137, 100, 21, 0, 6, 6, 0, 9, 6, 61, 0, 45, 85, 0, 2, 0),
(334, 'Carne, bovina, capa de contra-', 217, 100, 19, 0, 15, 6, 0, 6, 17, 144, 2, 58, 267, 0, 4, 0),
(335, 'Carne, bovina, capa de contra-', 312, 100, 31, 0, 20, 6, 0, 7, 18, 214, 3, 81, 323, 0, 6, 0),
(336, 'Carne, bovina, capa de contra-', 131, 100, 22, 0, 4, 6, 0, 6, 20, 178, 2, 79, 325, 0, 5, 0),
(337, 'Carne, bovina, capa de contra-', 239, 100, 35, 0, 10, 6, 0, 9, 26, 287, 3, 83, 385, 0, 8, 0),
(338, 'Carne, bovina, charque, cozido', 263, 100, 36, 0, 12, 6, 0, 15, 13, 101, 3, 1443, 90, 0, 6, 0),
(339, 'Carne, bovina, charque, cru', 249, 100, 23, 0, 17, 6, 0, 15, 13, 122, 2, 5875, 236, 0, 4, 0),
(340, 'Carne, bovina, contra-filé, à ', 352, 100, 21, 12, 24, 6, 0, 15, 27, 203, 3, 77, 271, 0, 3, 0),
(341, 'Carne, bovina, contra-filé de ', 202, 100, 20, 0, 13, 6, 0, 3, 14, 164, 2, 39, 245, 0, 4, 0),
(342, 'Carne, bovina, contra-filé de ', 275, 100, 30, 0, 16, 6, 0, 4, 24, 252, 3, 51, 383, 0, 7, 0),
(343, 'Carne, bovina, contra-filé, co', 206, 100, 21, 0, 13, 6, 0, 4, 18, 164, 1, 44, 285, 0, 3, 0),
(344, 'Carne, bovina, contra-filé, co', 278, 100, 32, 0, 15, 6, 0, 4, 19, 219, 2, 57, 352, 0, 5, 0),
(345, 'Carne, bovina, contra-filé, se', 157, 100, 24, 0, 6, 6, 0, 4, 21, 184, 2, 53, 335, 0, 3, 0),
(346, 'Carne, bovina, contra-filé, se', 194, 100, 36, 0, 4, 6, 0, 5, 21, 241, 2, 58, 386, 0, 5, 0),
(347, 'Carne, bovina, costela, assada', 373, 100, 29, 0, 28, 6, 0, 28, 20, 179, 2, 92, 270, 0, 5, 0),
(348, 'Carne, bovina, costela, crua', 358, 100, 17, 0, 32, 6, 0, 0, 12, 130, 1, 70, 151, 0, 3, 0),
(349, 'Carne, bovina, coxão duro, sem', 217, 100, 32, 0, 9, 6, 0, 4, 14, 189, 2, 41, 252, 0, 5, 0),
(350, 'Carne, bovina, coxão duro, sem', 148, 100, 22, 0, 6, 6, 0, 3, 21, 189, 2, 49, 358, 0, 3, 0),
(351, 'Carne, bovina, coxão mole, sem', 219, 100, 32, 0, 9, 6, 0, 4, 13, 183, 3, 44, 239, 0, 5, 0),
(352, 'Carne, bovina, coxão mole, sem', 169, 100, 21, 0, 9, 6, 0, 3, 21, 175, 2, 61, 335, 0, 3, 0),
(353, 'Carne, bovina, cupim, assado', 330, 100, 29, 0, 23, 6, 0, 8, 18, 212, 3, 72, 321, 0, 5, 0),
(354, 'Carne, bovina, cupim, cru', 221, 100, 20, 0, 15, 6, 0, 4, 13, 220, 1, 47, 151, 0, 2, 0),
(355, 'Carne, bovina, fígado, cru', 141, 100, 21, 1, 5, 6, 0, 4, 12, 334, 6, 76, 264, 9, 3, 0),
(356, 'Carne, bovina, fígado, grelhad', 225, 100, 30, 4, 9, 6, 0, 6, 10, 420, 6, 82, 309, 13, 4, 0),
(357, 'Carne, bovina, filé mingnon, s', 143, 100, 22, 0, 6, 6, 0, 3, 21, 193, 2, 49, 322, 0, 3, 0),
(358, 'Carne, bovina, filé mingnon, s', 220, 100, 33, 0, 9, 6, 0, 4, 28, 308, 3, 58, 326, 0, 4, 0),
(359, 'Carne, bovina, flanco, sem gor', 196, 100, 29, 0, 8, 6, 0, 4, 14, 181, 3, 42, 249, 0, 6, 0),
(360, 'Carne, bovina, flanco, sem gor', 141, 100, 20, 0, 6, 6, 0, 3, 18, 167, 2, 54, 324, 0, 4, 0),
(361, 'Carne, bovina, fraldinha, com ', 338, 100, 24, 0, 26, 6, 0, 3, 14, 161, 2, 39, 207, 0, 6, 0),
(362, 'Carne, bovina, fraldinha, com ', 221, 100, 18, 0, 16, 6, 0, 3, 16, 131, 2, 51, 274, 0, 4, 0),
(363, 'Carne, bovina, lagarto, cozido', 222, 100, 33, 0, 9, 6, 0, 4, 13, 167, 2, 48, 254, 0, 7, 0),
(364, 'Carne, bovina, lagarto, cru', 135, 100, 21, 0, 5, 6, 0, 3, 20, 185, 1, 54, 362, 0, 2, 0),
(365, 'Carne, bovina, língua, cozida', 315, 100, 21, 0, 25, 6, 0, 6, 12, 136, 2, 59, 175, 0, 4, 0),
(366, 'Carne, bovina, língua, crua', 215, 100, 17, 0, 16, 6, 0, 5, 15, 164, 2, 73, 251, 0, 3, 0),
(367, 'Carne, bovina, maminha, crua', 153, 100, 21, 0, 7, 6, 0, 3, 16, 181, 1, 37, 274, 0, 3, 0),
(368, 'Carne, bovina, maminha, grelha', 153, 100, 31, 0, 2, 6, 0, 4, 21, 237, 2, 58, 386, 0, 6, 0),
(369, 'Carne, bovina, miolo de alcatr', 163, 100, 22, 0, 8, 6, 0, 3, 20, 165, 2, 43, 299, 0, 3, 0),
(370, 'Carne, bovina, miolo de alcatr', 241, 100, 32, 0, 12, 6, 0, 5, 26, 279, 3, 52, 385, 0, 5, 0),
(371, 'Carne, bovina, músculo, sem go', 194, 100, 31, 0, 7, 6, 0, 5, 13, 176, 2, 62, 253, 0, 6, 0),
(372, 'Carne, bovina, músculo, sem go', 142, 100, 22, 0, 5, 6, 0, 4, 17, 162, 2, 66, 296, 0, 4, 0),
(373, 'Carne, bovina, paleta, com gor', 159, 100, 21, 0, 7, 6, 0, 4, 14, 158, 2, 65, 250, 0, 4, 0),
(374, 'Carne, bovina, paleta, sem gor', 194, 100, 30, 0, 7, 6, 0, 6, 18, 197, 2, 58, 250, 0, 7, 0),
(375, 'Carne, bovina, paleta, sem gor', 141, 100, 21, 0, 6, 6, 0, 4, 18, 163, 2, 66, 319, 0, 3, 0),
(376, 'Carne, bovina, patinho, sem go', 133, 100, 22, 0, 5, 6, 0, 3, 20, 170, 2, 49, 318, 0, 4, 0),
(377, 'Carne, bovina, patinho, sem go', 219, 100, 36, 0, 7, 6, 0, 5, 27, 289, 3, 60, 421, 0, 8, 0),
(378, 'Carne, bovina, peito, sem gord', 338, 100, 22, 0, 27, 6, 0, 4, 14, 136, 2, 56, 204, 0, 4, 0),
(379, 'Carne, bovina, peito, sem gord', 259, 100, 18, 0, 20, 6, 0, 4, 15, 124, 1, 64, 241, 0, 3, 0),
(380, 'Carne, bovina, picanha, com go', 213, 100, 19, 0, 15, 6, 0, 2, 14, 165, 2, 38, 232, 0, 4, 0),
(381, 'Carne, bovina, picanha, com go', 289, 100, 26, 0, 20, 6, 0, 0, 0, 0, 3, 0, 0, 0, 5, 0),
(382, 'Carne, bovina, picanha, sem go', 134, 100, 21, 0, 5, 6, 0, 3, 20, 183, 2, 61, 322, 0, 4, 0),
(383, 'Carne, bovina, picanha, sem go', 238, 100, 32, 0, 11, 6, 0, 4, 25, 282, 4, 61, 377, 0, 7, 0),
(384, 'Carne, bovina, seca, cozida', 313, 100, 27, 0, 22, 6, 0, 13, 12, 82, 2, 1943, 86, 0, 8, 0),
(385, 'Carne, bovina, seca, crua', 313, 100, 20, 0, 25, 6, 0, 14, 12, 100, 1, 4440, 190, 0, 4, 0),
(386, 'Coxinha de frango, frita', 283, 100, 10, 35, 12, 6, 5, 18, 17, 93, 1, 532, 166, 0, 1, 0),
(387, 'Croquete, de carne, cru', 246, 100, 12, 14, 16, 6, 0, 15, 24, 144, 3, 711, 221, 0, 3, 0),
(388, 'Croquete, de carne, frito', 347, 100, 17, 18, 23, 6, 0, 18, 30, 176, 2, 916, 313, 0, 3, 0),
(389, 'Empada de frango, pré-cozida, ', 358, 100, 7, 47, 16, 6, 2, 16, 18, 78, 1, 525, 138, 0, 1, 0),
(390, 'Empada, de frango, pré-cozida', 377, 100, 7, 36, 23, 6, 2, 14, 17, 78, 1, 771, 156, 0, 1, 0),
(391, 'Frango, asa, com pele, crua', 213, 100, 18, 0, 15, 6, 0, 11, 23, 155, 1, 96, 211, 0, 1, 0),
(392, 'Frango, caipira, inteiro, com ', 243, 100, 24, 0, 16, 6, 0, 17, 18, 162, 2, 56, 210, 0, 2, 0),
(393, 'Frango, caipira, inteiro, sem ', 196, 100, 30, 0, 8, 6, 0, 66, 23, 210, 2, 53, 224, 0, 3, 0),
(394, 'Frango, coração, cru', 222, 100, 13, 0, 19, 6, 0, 6, 20, 193, 4, 95, 220, 0, 2, 0),
(395, 'Frango, coração, grelhado', 207, 100, 22, 1, 12, 6, 0, 8, 20, 276, 7, 128, 243, 0, 3, 0),
(396, 'Frango, coxa, com pele, assada', 215, 100, 28, 0, 10, 6, 0, 8, 14, 251, 1, 95, 318, 0, 3, 0),
(397, 'Frango, coxa, com pele, crua', 161, 100, 17, 0, 10, 6, 0, 0, 26, 185, 1, 95, 275, 0, 2, 0),
(398, 'Frango, coxa, sem pele, cozida', 167, 100, 27, 0, 6, 6, 0, 12, 11, 187, 1, 64, 191, 0, 3, 0),
(399, 'Frango, coxa, sem pele, crua', 120, 100, 18, 0, 5, 6, 0, 8, 27, 196, 1, 98, 291, 0, 2, 0),
(400, 'Frango, fígado, cru', 106, 100, 18, 0, 3, 6, 0, 6, 28, 344, 10, 82, 280, 0, 4, 0),
(401, 'Frango, filé, à milanesa', 221, 100, 28, 8, 8, 6, 1, 9, 35, 249, 1, 122, 408, 0, 1, 0),
(402, 'Frango, inteiro, com pele, cru', 226, 100, 16, 0, 17, 6, 0, 6, 24, 174, 1, 63, 217, 0, 1, 0),
(403, 'Frango, inteiro, sem pele, ass', 187, 100, 28, 0, 8, 6, 0, 9, 14, 233, 1, 70, 283, 0, 2, 0),
(404, 'Frango, inteiro, sem pele, coz', 170, 100, 25, 0, 7, 6, 0, 8, 12, 194, 0, 51, 217, 0, 1, 0),
(405, 'Frango, inteiro, sem pele, cru', 129, 100, 21, 0, 5, 6, 0, 7, 27, 190, 1, 73, 238, 0, 1, 0),
(406, 'Frango, peito, com pele, assad', 212, 100, 33, 0, 8, 6, 0, 8, 18, 297, 0, 56, 380, 0, 1, 0),
(407, 'Frango, peito, com pele, cru', 149, 100, 21, 0, 7, 6, 0, 8, 28, 213, 0, 62, 252, 0, 1, 0),
(408, 'Frango, peito, sem pele, cozid', 163, 100, 31, 0, 3, 6, 0, 6, 14, 224, 0, 36, 231, 0, 1, 0),
(409, 'Frango, peito, sem pele, cru', 119, 100, 22, 0, 3, 6, 0, 7, 31, 222, 0, 56, 267, 0, 1, 0),
(410, 'Frango, peito, sem pele, grelh', 159, 100, 32, 0, 2, 6, 0, 5, 18, 295, 0, 50, 387, 0, 1, 0),
(411, 'Frango, sobrecoxa, com pele, a', 260, 100, 29, 0, 15, 6, 0, 11, 15, 252, 1, 96, 323, 0, 2, 0),
(412, 'Frango, sobrecoxa, com pele, c', 255, 100, 15, 0, 21, 6, 0, 7, 21, 154, 1, 68, 190, 0, 1, 0),
(413, 'Frango, sobrecoxa, sem pele, a', 233, 100, 29, 0, 12, 6, 0, 12, 17, 281, 1, 106, 382, 0, 2, 0),
(414, 'Frango, sobrecoxa, sem pele, c', 162, 100, 18, 0, 10, 6, 0, 6, 26, 187, 1, 80, 241, 0, 2, 0),
(415, 'Hambúrguer, bovino, cru', 215, 100, 13, 4, 16, 6, 0, 34, 25, 141, 2, 869, 383, 0, 2, 0),
(416, 'Hambúrguer, bovino, frito', 258, 100, 20, 6, 17, 6, 0, 62, 60, 324, 3, 1252, 660, 0, 3, 1),
(417, 'Hambúrguer, bovino, grelhado', 210, 100, 13, 11, 12, 6, 0, 56, 48, 263, 3, 1090, 538, 0, 3, 0),
(418, 'Lingüiça, frango, crua', 218, 100, 14, 0, 17, 6, 0, 11, 19, 182, 0, 1126, 280, 0, 1, 0),
(419, 'Lingüiça, frango, frita', 245, 100, 18, 0, 19, 6, 0, 15, 29, 262, 1, 1374, 364, 0, 1, 0),
(420, 'Lingüiça, frango, grelhada', 244, 100, 18, 0, 18, 6, 0, 14, 21, 228, 1, 1351, 356, 0, 1, 0),
(421, 'Lingüiça, porco, crua', 227, 100, 16, 0, 18, 6, 0, 6, 14, 157, 0, 1176, 316, 0, 1, 0),
(422, 'Lingüiça, porco, frita', 280, 100, 20, 0, 21, 6, 0, 8, 18, 211, 1, 1432, 409, 0, 3, 0),
(423, 'Lingüiça, porco, grelhada', 296, 100, 23, 0, 22, 6, 0, 8, 19, 210, 1, 1456, 427, 0, 3, 0),
(424, 'Mortadela', 269, 100, 12, 6, 22, 6, 0, 67, 19, 216, 1, 1212, 247, 0, 1, 0),
(425, 'Peru, congelado, assado', 163, 100, 26, 0, 6, 6, 0, 14, 12, 197, 1, 628, 175, 0, 1, 0),
(426, 'Peru, congelado, cru', 94, 100, 18, 0, 2, 6, 0, 10, 19, 217, 1, 711, 281, 0, 1, 0),
(427, 'Porco, bisteca, crua', 164, 100, 21, 0, 8, 6, 0, 6, 24, 195, 1, 54, 335, 0, 1, 0),
(428, 'Porco, bisteca, frita', 311, 100, 34, 0, 19, 6, 0, 69, 29, 290, 1, 63, 404, 0, 2, 0),
(429, 'Porco, bisteca, grelhada', 280, 100, 29, 0, 17, 6, 0, 34, 25, 229, 1, 51, 366, 0, 2, 0),
(430, 'Porco, costela, assada', 402, 100, 30, 0, 30, 6, 0, 17, 14, 201, 1, 63, 246, 0, 3, 0),
(431, 'Porco, costela, crua', 256, 100, 0, 0, 20, 6, 0, 15, 18, 159, 1, 88, 248, 0, 2, 0),
(432, 'Porco, lombo, assado', 210, 100, 36, 0, 6, 6, 0, 20, 18, 238, 0, 39, 311, 0, 2, 0),
(433, 'Porco, lombo, cru', 176, 100, 23, 0, 9, 6, 0, 4, 24, 195, 0, 53, 334, 0, 1, 0),
(434, 'Porco, orelha, salgada, crua', 258, 100, 19, 0, 20, 6, 0, 5, 2, 31, 1, 616, 228, 0, 1, 0),
(435, 'Porco, pernil, assado', 262, 100, 32, 0, 14, 6, 0, 18, 27, 247, 1, 62, 395, 0, 3, 0),
(436, 'Porco, pernil, cru', 186, 100, 20, 0, 11, 6, 0, 13, 23, 192, 1, 102, 256, 0, 2, 0),
(437, 'Porco, rabo, salgado, cru', 377, 100, 16, 0, 34, 6, 0, 22, 4, 42, 1, 1158, 24, 0, 1, 0),
(438, 'Presunto, com capa de gordura', 128, 100, 14, 1, 7, 6, 0, 12, 17, 274, 1, 1021, 295, 0, 1, 0),
(439, 'Presunto, sem capa de gordura', 94, 100, 14, 2, 3, 6, 0, 23, 18, 244, 1, 1039, 307, 0, 1, 0),
(440, 'Quibe, assado', 136, 100, 15, 13, 3, 6, 2, 16, 36, 174, 2, 40, 288, 1, 4, 1),
(441, 'Quibe, cru', 109, 100, 12, 11, 2, 6, 2, 12, 26, 126, 2, 39, 242, 0, 3, 0),
(442, 'Quibe, frito', 254, 100, 15, 12, 16, 6, 0, 22, 39, 166, 2, 836, 322, 0, 3, 1),
(443, 'Salame', 398, 100, 26, 3, 31, 6, 0, 87, 30, 354, 1, 1574, 548, 0, 3, 0),
(444, 'Toucinho, cru', 593, 100, 11, 0, 60, 6, 0, 2, 4, 35, 0, 50, 58, 0, 0, 0),
(445, 'Toucinho, frito', 697, 100, 27, 0, 64, 6, 0, 9, 9, 95, 1, 125, 171, 0, 1, 0),
(446, 'Bebida láctea, pêssego', 55, 100, 2, 8, 2, 7, 0, 89, 9, 63, 0, 46, 62, 0, 0, 0),
(447, 'Creme de Leite', 221, 100, 2, 5, 22, 7, 0, 83, 8, 118, 0, 52, 119, 0, 0, 0),
(448, 'Iogurte, natural', 51, 100, 4, 2, 3, 7, 0, 143, 11, 119, 0, 52, 71, 0, 0, 0),
(449, 'Iogurte, natural, desnatado', 41, 100, 4, 6, 0, 7, 0, 157, 12, 110, 0, 60, 182, 0, 1, 0),
(450, 'Iogurte, sabor abacaxi', 0, 100, 0, 0, 0, 7, 0, 0, 0, 0, 0, 0, 0, 0, 0, 0),
(451, 'Iogurte, sabor morango', 70, 100, 3, 10, 2, 7, 0, 101, 8, 73, 0, 38, 52, 0, 0, 0),
(452, 'Iogurte, sabor pêssego', 68, 100, 3, 9, 2, 7, 1, 95, 8, 66, 0, 37, 52, 0, 0, 0),
(453, 'Leite, condensado', 313, 100, 8, 57, 7, 7, 0, 246, 22, 187, 0, 94, 329, 0, 1, 0),
(454, 'Leite, de cabra', 66, 100, 3, 5, 4, 7, 0, 112, 10, 113, 0, 74, 140, 0, 0, 0),
(455, 'Leite, de vaca, achocolatado', 83, 100, 2, 14, 2, 7, 1, 70, 13, 71, 0, 72, 155, 0, 0, 0),
(456, 'Leite, de vaca, desnatado, pó', 362, 100, 35, 53, 1, 7, 0, 1363, 109, 1673, 1, 432, 1556, 0, 4, 0),
(457, 'Leite, de vaca, desnatado, UHT', 0, 100, 0, 0, 0, 7, 0, 134, 10, 85, 0, 51, 140, 0, 0, 0),
(458, 'Leite, de vaca, integral', 0, 100, 0, 0, 0, 7, 0, 123, 10, 82, 0, 64, 133, 0, 0, 0),
(459, 'Leite, de vaca, integral, pó', 497, 100, 25, 39, 27, 7, 0, 890, 77, 1242, 1, 323, 1132, 0, 3, 0),
(460, 'Leite, fermentado', 70, 100, 2, 16, 0, 7, 0, 72, 6, 63, 0, 33, 94, 0, 0, 0),
(461, 'Queijo, minas, frescal', 264, 100, 17, 3, 20, 7, 0, 579, 7, 123, 1, 31, 105, 0, 0, 0),
(462, 'Queijo, minas, meia cura', 321, 100, 21, 4, 25, 7, 0, 696, 27, 403, 0, 501, 120, 0, 3, 0),
(463, 'Queijo, mozarela', 330, 100, 23, 3, 25, 7, 0, 875, 24, 470, 0, 581, 62, 0, 4, 0),
(464, 'Queijo, parmesão', 453, 100, 36, 2, 34, 7, 0, 992, 33, 745, 1, 1844, 96, 0, 4, 0),
(465, 'Queijo, pasteurizado', 303, 100, 9, 6, 27, 7, 0, 323, 16, 578, 0, 780, 194, 0, 1, 0),
(466, 'Queijo, petit suisse, morango', 121, 100, 6, 18, 3, 7, 0, 731, 27, 448, 0, 412, 121, 0, 3, 0),
(467, 'Queijo, prato', 360, 100, 23, 2, 29, 7, 0, 940, 28, 461, 0, 580, 73, 0, 3, 0),
(468, 'Maria mole', 257, 100, 10, 2, 23, 7, 0, 259, 12, 448, 0, 558, 93, 0, 1, 0),
(469, 'Queijo, ricota', 140, 100, 13, 4, 8, 7, 0, 253, 12, 162, 0, 283, 112, 0, 0, 0),
(470, 'Bebida isotônica, sabores vari', 26, 100, 0, 6, 0, 8, 0, 1, 0, 9, 1, 44, 13, 0, 0, 0),
(471, 'Café, infusão 10%', 9, 100, 1, 1, 0, 8, 0, 3, 10, 9, 0, 1, 156, 0, 0, 0),
(472, 'Cana, aguardente 1', 216, 100, 0, 0, 0, 8, 0, 0, 0, 0, 0, 3, 0, 0, 0, 0),
(473, 'Cana, caldo de', 65, 100, 0, 18, 0, 8, 0, 9, 12, 5, 1, 0, 18, 0, 0, 0),
(474, 'Cerveja, pilsen 2', 41, 100, 1, 3, 0, 8, 0, 5, 7, 19, 0, 4, 29, 0, 0, 0),
(475, 'Chá, erva-doce, infusão 5%', 1, 100, 0, 0, 0, 8, 0, 2, 1, 1, 0, 1, 10, 0, 0, 0),
(476, 'Chá, mate, infusão 5%', 3, 100, 0, 1, 0, 8, 0, 1, 2, 0, 0, 0, 5, 0, 0, 0),
(477, 'Chá, preto, infusão 5%', 2, 100, 0, 1, 0, 8, 0, 0, 1, 2, 0, 0, 13, 0, 0, 0),
(478, 'Coco, água de', 22, 100, 0, 5, 0, 8, 0, 19, 5, 4, 0, 2, 162, 0, 0, 0),
(479, 'Refrigerante, tipo água tônica', 31, 100, 0, 8, 0, 8, 0, 1, 0, 0, 0, 8, 2, 0, 0, 0),
(480, 'Refrigerante, tipo cola', 34, 100, 0, 9, 0, 8, 0, 1, 0, 17, 0, 7, 1, 0, 0, 0),
(481, 'Refrigerante, tipo guaraná', 39, 100, 0, 0, 0, 8, 0, 1, 0, 0, 0, 9, 1, 0, 0, 0),
(482, 'Refrigerante, tipo laranja', 46, 100, 0, 12, 0, 8, 0, 2, 1, 1, 0, 9, 16, 0, 0, 0),
(483, 'Refrigerante, tipo limão', 40, 100, 0, 10, 0, 8, 0, 2, 1, 0, 0, 9, 4, 0, 0, 0),
(484, 'Omelete, de queijo', 268, 100, 16, 0, 22, 9, 0, 166, 14, 314, 1, 216, 127, 0, 1, 0),
(485, 'Ovo, de codorna, inteiro, cru', 177, 100, 14, 1, 13, 9, 0, 79, 11, 279, 3, 129, 79, 0, 2, 0),
(486, 'Ovo, de galinha, clara, cozida', 59, 100, 13, 0, 0, 9, 0, 6, 11, 15, 0, 181, 146, 0, 0, 0),
(487, 'Ovo, de galinha, gema, cozida/', 353, 100, 16, 2, 31, 9, 0, 114, 9, 386, 3, 45, 87, 0, 3, 0),
(488, 'Ovo, de galinha, inteiro, cozi', 146, 100, 13, 1, 9, 9, 0, 49, 11, 184, 2, 146, 139, 0, 1, 0),
(489, 'Ovo, de galinha, inteiro, cru', 143, 100, 13, 2, 9, 9, 0, 42, 13, 164, 2, 168, 0, 0, 1, 0),
(490, 'Ovo, de galinha, inteiro, frit', 240, 100, 16, 1, 19, 9, 0, 73, 16, 422, 2, 166, 184, 0, 1, 0),
(491, 'Achocolatado, pó', 401, 100, 4, 91, 2, 10, 4, 44, 77, 200, 5, 65, 496, 1, 1, 1),
(492, 'Açúcar, cristal', 387, 100, 0, 100, 0, 10, 0, 8, 1, 0, 0, 0, 3, 0, 0, 0),
(493, 'Açúcar, mascavo', 369, 100, 1, 94, 0, 10, 0, 127, 80, 38, 8, 25, 522, 0, 0, 2),
(494, 'Açúcar, refinado', 387, 100, 0, 100, 0, 10, 0, 3, 1, 0, 0, 12, 6, 0, 0, 0),
(495, 'Chocolate, ao leite', 540, 100, 7, 60, 30, 10, 2, 191, 57, 212, 2, 77, 355, 0, 1, 0),
(496, 'Chocolate, ao leite, com casta', 559, 100, 7, 55, 34, 10, 2, 171, 80, 303, 1, 64, 431, 0, 1, 0),
(497, 'Chocolate, ao leite, dietético', 557, 100, 7, 56, 34, 10, 3, 188, 67, 276, 3, 85, 458, 0, 1, 0),
(498, 'Chocolate, meio amargo', 475, 100, 5, 62, 30, 10, 5, 45, 107, 220, 4, 9, 432, 1, 2, 1),
(499, 'Cocada branca', 449, 100, 1, 81, 14, 10, 4, 7, 17, 396, 1, 29, 183, 0, 0, 0),
(500, 'Doce, de abóbora, cremoso', 199, 100, 1, 55, 0, 10, 2, 13, 6, 14, 1, 0, 137, 0, 0, 0),
(501, 'Doce, de leite, cremoso', 306, 100, 5, 59, 6, 10, 0, 195, 16, 141, 0, 120, 259, 0, 1, 0),
(502, 'Geléia, mocotó, natural', 106, 100, 2, 24, 0, 10, 0, 4, 1, 0, 0, 43, 2, 0, 0, 0),
(503, 'Glicose de milho', 292, 100, 0, 79, 0, 10, 0, 6, 2, 5, 0, 59, 5, 0, 0, 0),
(504, 'Maria mole', 301, 100, 4, 74, 0, 10, 1, 13, 7, 4, 0, 15, 24, 0, 0, 0),
(505, 'Maria mole, coco queimado', 307, 100, 4, 75, 0, 10, 1, 19, 6, 5, 0, 14, 36, 0, 0, 0),
(506, 'Marmelada', 257, 100, 0, 71, 0, 10, 4, 11, 6, 20, 1, 11, 83, 0, 0, 0),
(507, 'Mel, de abelha', 309, 100, 0, 84, 0, 10, 0, 10, 6, 4, 0, 6, 99, 0, 0, 0),
(508, 'Melado', 297, 100, 0, 77, 0, 10, 0, 102, 115, 74, 5, 4, 395, 1, 0, 3),
(509, 'Quindim', 411, 100, 5, 46, 24, 10, 3, 37, 15, 168, 1, 27, 111, 0, 1, 0),
(510, 'Rapadura', 352, 100, 1, 91, 0, 10, 0, 30, 47, 21, 4, 22, 459, 0, 1, 2),
(511, 'Café, pó, torrado', 419, 100, 15, 66, 12, 11, 51, 107, 165, 169, 8, 1, 1609, 1, 1, 3),
(512, 'Capuccino, pó', 417, 100, 11, 74, 9, 11, 2, 467, 71, 358, 2, 382, 886, 0, 1, 0),
(513, 'Fermento em pó, químico', 90, 100, 0, 44, 0, 11, 0, 0, 0, 0, 0, 10052, 0, 0, 0, 0),
(514, 'Fermento, biológico, levedura,', 90, 100, 17, 8, 2, 11, 4, 18, 38, 419, 3, 40, 576, 0, 11, 0),
(515, 'Gelatina, sabores variados, pó', 380, 100, 9, 89, 0, 11, 0, 27, 2, 2, 0, 235, 7, 0, 0, 0),
(516, 'Sal, dietético', 0, 100, 0, 0, 0, 11, 0, 0, 0, 0, 0, 23432, 20468, 0, 0, 0),
(517, 'Sal, grosso', 0, 100, 0, 0, 0, 11, 0, 0, 0, 0, 0, 39943, 0, 0, 0, 0),
(518, 'Shoyu', 61, 100, 3, 12, 0, 11, 0, 15, 24, 47, 0, 5024, 165, 0, 0, 0),
(519, 'Tempero a base de sal', 21, 100, 3, 2, 0, 11, 1, 0, 0, 0, 0, 0, 0, 0, 0, 0),
(520, 'Azeitona, preta, conserva', 194, 100, 1, 6, 20, 12, 5, 59, 5, 16, 5, 1567, 79, 0, 0, 0),
(521, 'Azeitona, verde, conserva', 137, 100, 1, 4, 14, 12, 4, 46, 4, 5, 0, 1347, 20, 0, 0, 0),
(522, 'Chantilly, spray, com gordura ', 315, 100, 1, 17, 27, 12, 0, 2, 1, 16, 0, 110, 5, 0, 0, 0),
(523, 'Leite, de coco', 166, 100, 1, 2, 18, 12, 1, 6, 17, 26, 0, 44, 144, 0, 0, 0),
(524, 'Maionese, tradicional com ovos', 302, 100, 1, 8, 30, 12, 0, 3, 1, 14, 0, 787, 16, 0, 0, 0),
(525, 'Acarajé', 289, 100, 8, 19, 20, 13, 9, 124, 51, 142, 2, 305, 354, 0, 1, 1),
(526, 'Arroz carreteiro', 154, 100, 11, 12, 7, 13, 2, 13, 9, 48, 1, 1622, 87, 0, 3, 0),
(527, 'Baião de dois, arroz e feijão-', 136, 100, 6, 20, 3, 13, 5, 33, 19, 72, 1, 93, 157, 0, 1, 0),
(528, 'Barreado', 165, 100, 18, 0, 10, 13, 0, 15, 21, 169, 2, 48, 295, 0, 5, 0),
(529, 'Bife à cavalo, com contra filé', 291, 100, 24, 0, 21, 13, 0, 26, 19, 216, 2, 83, 272, 0, 3, 0),
(530, 'Bolinho de arroz', 274, 100, 8, 42, 8, 13, 3, 24, 13, 87, 2, 59, 96, 0, 1, 0),
(531, 'Camarão à baiana', 101, 100, 8, 3, 6, 13, 0, 43, 15, 244, 1, 85, 139, 0, 0, 0),
(532, 'Charuto, de repolho', 78, 100, 7, 10, 1, 13, 1, 23, 13, 68, 1, 12, 184, 1, 2, 0),
(533, 'Cuscuz, de milho, cozido com s', 113, 100, 2, 25, 1, 13, 2, 2, 3, 23, 0, 248, 11, 0, 0, 0),
(534, 'Cuscuz, paulista', 142, 100, 3, 23, 5, 13, 2, 14, 5, 26, 0, 236, 53, 0, 0, 0),
(535, 'Cuxá, molho', 80, 100, 6, 6, 4, 13, 3, 105, 34, 111, 1, 1344, 124, 0, 1, 0),
(536, 'Dobradinha', 125, 100, 20, 0, 4, 13, 0, 11, 8, 57, 1, 29, 58, 0, 3, 0),
(537, 'Estrogonofe de carne', 173, 100, 15, 3, 11, 13, 0, 28, 22, 186, 3, 123, 322, 0, 2, 0),
(538, 'Estrogonofe de frango', 157, 100, 18, 3, 8, 13, 0, 26, 25, 195, 2, 99, 307, 0, 1, 0),
(539, 'Feijão tropeiro mineiro', 152, 100, 10, 20, 7, 13, 4, 41, 36, 199, 2, 365, 349, 0, 1, 0),
(540, 'Feijoada', 117, 100, 9, 12, 6, 13, 5, 32, 32, 105, 1, 278, 303, 0, 1, 0),
(541, 'Frango, com açafrão', 113, 100, 10, 4, 6, 13, 0, 13, 16, 167, 1, 29, 256, 0, 1, 0),
(542, 'Macarrão, molho bolognesa', 120, 100, 5, 23, 1, 13, 1, 11, 10, 54, 1, 9, 84, 0, 1, 0),
(543, 'Maniçoba', 134, 100, 10, 3, 9, 13, 2, 66, 24, 55, 3, 407, 148, 0, 2, 1),
(544, 'Quibebe', 86, 100, 9, 7, 3, 13, 2, 8, 10, 43, 1, 247, 153, 1, 2, 0),
(545, 'Salada, de legumes, com maione', 96, 100, 1, 9, 7, 13, 2, 12, 9, 22, 0, 228, 141, 0, 0, 0),
(546, 'Salada, de legumes, cozida no ', 35, 100, 2, 7, 0, 13, 3, 33, 19, 45, 0, 3, 244, 0, 0, 0),
(547, 'Salpicão, de frango', 148, 100, 14, 5, 8, 13, 0, 9, 13, 103, 0, 248, 149, 0, 0, 0),
(548, 'Sarapatel', 123, 100, 18, 1, 4, 13, 0, 12, 13, 164, 7, 216, 199, 1, 2, 0),
(549, 'Tabule', 57, 100, 2, 11, 1, 13, 2, 19, 18, 35, 1, 1, 188, 0, 1, 0),
(550, 'Tacacá', 47, 100, 7, 3, 0, 13, 0, 45, 30, 89, 1, 1349, 240, 0, 1, 0),
(551, 'Tapioca, com manteiga', 348, 100, 0, 64, 11, 13, 0, 30, 3, 8, 0, 158, 19, 0, 0, 0),
(552, 'Tucupi, com pimenta-de-cheiro', 27, 100, 2, 5, 0, 13, 0, 28, 42, 31, 1, 5, 391, 0, 1, 1),
(553, 'Vaca atolada', 145, 100, 5, 10, 9, 13, 2, 63, 16, 72, 1, 26, 220, 0, 1, 0),
(554, 'Vatapá', 255, 100, 6, 10, 23, 13, 2, 47, 39, 108, 1, 880, 209, 0, 1, 0),
(555, 'Virado à paulista', 307, 100, 10, 14, 26, 13, 2, 41, 22, 135, 1, 346, 237, 0, 1, 0),
(556, 'Yakisoba', 113, 100, 8, 18, 3, 13, 1, 14, 13, 83, 1, 794, 159, 0, 1, 0),
(557, 'Amendoim, grão, cru', 544, 100, 27, 20, 44, 14, 8, 0, 171, 407, 3, 0, 580, 1, 3, 2),
(558, 'Amendoim, torrado, salgado', 606, 100, 22, 19, 54, 14, 8, 39, 159, 261, 1, 376, 496, 1, 2, 2),
(559, 'Ervilha, em vagem', 88, 100, 7, 14, 0, 14, 10, 24, 42, 152, 1, 0, 311, 0, 1, 0),
(560, 'Ervilha, enlatada, drenada', 74, 100, 5, 13, 0, 14, 5, 22, 23, 79, 1, 372, 147, 0, 1, 0),
(561, 'Feijão, carioca, cozido', 76, 100, 5, 14, 1, 14, 9, 27, 42, 87, 1, 2, 255, 0, 1, 0),
(562, 'Feijão, carioca, cru', 329, 100, 20, 61, 1, 14, 18, 123, 210, 385, 8, 0, 1352, 1, 3, 1),
(563, 'Feijão, fradinho, cozido', 78, 100, 5, 13, 1, 14, 7, 17, 38, 85, 1, 1, 253, 0, 1, 1),
(564, 'Feijão, fradinho, cru', 339, 100, 20, 61, 2, 14, 24, 78, 178, 355, 5, 10, 1083, 1, 4, 1),
(565, 'Feijão, jalo, cozido', 93, 100, 6, 16, 1, 14, 14, 29, 44, 121, 2, 1, 348, 0, 1, 0),
(566, 'Feijão, jalo, cru', 328, 100, 20, 61, 1, 14, 30, 98, 170, 427, 7, 25, 1276, 1, 3, 1),
(567, 'Feijão, preto, cozido', 77, 100, 4, 14, 1, 14, 8, 29, 40, 88, 1, 2, 256, 0, 1, 0),
(568, 'Feijão, preto, cru', 324, 100, 21, 59, 1, 14, 22, 111, 188, 471, 6, 0, 1416, 1, 3, 1),
(569, 'Feijão, rajado, cozido', 85, 100, 6, 15, 0, 14, 9, 29, 42, 113, 1, 1, 315, 0, 1, 0),
(570, 'Feijão, rajado, cru', 326, 100, 17, 63, 1, 14, 24, 111, 170, 335, 19, 14, 1135, 1, 3, 1),
(571, 'Feijão, rosinha, cozido', 68, 100, 5, 12, 0, 14, 5, 19, 43, 90, 1, 2, 241, 0, 1, 0),
(572, 'Feijão, rosinha, cru', 337, 100, 21, 62, 1, 14, 21, 68, 184, 394, 5, 24, 1109, 1, 4, 1),
(573, 'Feijão, roxo, cozido', 77, 100, 6, 13, 1, 14, 12, 23, 34, 106, 1, 1, 268, 0, 1, 0),
(574, 'Feijão, roxo, cru', 331, 100, 22, 60, 1, 14, 34, 120, 162, 394, 7, 10, 1221, 1, 3, 1),
(575, 'Grão-de-bico, cru', 355, 100, 21, 58, 5, 14, 12, 114, 146, 342, 5, 5, 1116, 1, 3, 3),
(576, 'Guandu, cru', 344, 100, 19, 64, 2, 14, 21, 129, 0, 269, 2, 2, 1215, 1, 2, 1),
(577, 'Lentilha, cozida', 93, 100, 6, 16, 1, 14, 8, 16, 22, 104, 1, 1, 220, 0, 1, 0);
INSERT INTO `alimento` (`idAlimento`, `nombreAli`, `calorias`, `gramos`, `proteinas`, `hidratosCarbono`, `lipidos`, `idCategoria`, `fibra`, `calcio`, `magnesio`, `fosforo`, `hierro`, `sodio`, `potasio`, `cobre`, `zinc`, `manganeso`) VALUES
(578, 'Lentilha, crua', 339, 100, 23, 62, 1, 14, 17, 54, 94, 368, 7, 0, 887, 1, 3, 1),
(579, 'Paçoca, amendoim', 487, 100, 16, 52, 26, 14, 7, 22, 101, 198, 1, 167, 348, 0, 2, 1),
(580, 'Pé-de-moleque, amendoim', 503, 100, 13, 55, 28, 14, 3, 27, 108, 171, 1, 16, 355, 0, 1, 1),
(581, 'Soja, farinha', 404, 100, 36, 38, 15, 14, 20, 206, 242, 539, 13, 6, 1922, 1, 5, 3),
(582, 'Soja, extrato solúvel, natural', 39, 100, 2, 4, 2, 14, 0, 17, 15, 53, 0, 57, 121, 0, 0, 0),
(583, 'Soja, extrato solúvel, pó', 459, 100, 36, 28, 26, 14, 7, 359, 216, 647, 7, 83, 1607, 1, 6, 3),
(584, 'Soja, queijo (tofu)', 64, 100, 7, 2, 4, 14, 1, 81, 38, 130, 1, 1, 182, 0, 1, 0),
(585, 'Tremoço, cru', 381, 100, 34, 44, 10, 14, 32, 177, 121, 265, 3, 3, 708, 1, 4, 0),
(586, 'Tremoço, em conserva', 121, 100, 11, 12, 4, 14, 14, 16, 4, 40, 0, 1809, 5, 0, 1, 0),
(587, 'Amêndoa, torrada, salgada', 581, 100, 19, 30, 47, 15, 12, 237, 222, 493, 3, 279, 640, 1, 3, 2),
(588, 'Castanha-de-caju, torrada, sal', 570, 100, 19, 29, 46, 15, 4, 33, 237, 594, 5, 0, 671, 2, 5, 2),
(589, 'Castanha-do-Brasil, crua', 643, 100, 15, 15, 63, 15, 8, 146, 365, 853, 2, 1, 651, 2, 4, 1),
(590, 'Coco, cru', 406, 100, 4, 10, 42, 15, 5, 6, 51, 118, 2, 15, 354, 0, 1, 1),
(591, 'Coco, verde, cru', 0, 100, 0, 0, 0, 15, 0, 0, 0, 0, 0, 0, 0, 0, 0, 0),
(592, 'Farinha, de mesocarpo de babaç', 329, 100, 1, 79, 0, 15, 18, 61, 39, 26, 18, 12, 362, 0, 0, 0),
(593, 'Gergelim, semente', 584, 100, 21, 22, 50, 15, 12, 825, 361, 741, 5, 3, 546, 2, 5, 3),
(594, 'Linhaça, semente', 495, 100, 14, 43, 32, 15, 34, 211, 347, 615, 5, 9, 869, 1, 4, 3),
(595, 'Pinhão, cozido', 174, 100, 3, 44, 1, 15, 16, 16, 53, 166, 1, 1, 727, 0, 1, 0),
(596, 'Pupunha, cozida', 219, 100, 3, 30, 13, 15, 4, 28, 25, 49, 1, 1, 303, 0, 0, 0),
(597, 'Noz, crua', 620, 100, 14, 18, 59, 15, 7, 105, 153, 396, 2, 5, 533, 1, 2, 4),
(598, 'Arroz, integral, cozido', 124, 100, 3, 26, 1, 1, 3, 5, 59, 106, 0, 1, 75, 0, 1, 1),
(599, 'Arroz, integral, cru', 360, 100, 7, 77, 2, 1, 5, 8, 110, 251, 1, 2, 173, 0, 1, 3),
(600, 'Arroz, tipo 1, cozido', 128, 100, 3, 28, 0, 1, 2, 4, 2, 18, 0, 1, 15, 0, 0, 0),
(601, 'Arroz, tipo 1, cru', 358, 100, 7, 79, 0, 1, 2, 4, 30, 104, 1, 1, 62, 0, 1, 1),
(602, 'Arroz, tipo 2, cozido', 130, 100, 3, 28, 0, 1, 1, 3, 6, 22, 0, 2, 20, 0, 1, 0),
(603, 'Arroz, tipo 2, cru', 358, 100, 7, 79, 0, 1, 2, 5, 29, 82, 1, 1, 57, 0, 1, 1),
(604, 'Aveia, flocos, crua', 394, 100, 14, 67, 8, 1, 9, 48, 119, 153, 4, 5, 336, 0, 3, 2),
(605, 'Biscoito, doce, maisena', 443, 100, 8, 75, 12, 1, 2, 54, 37, 166, 2, 352, 142, 0, 1, 1),
(606, 'Biscoito, doce, recheado com c', 472, 100, 6, 71, 20, 1, 3, 27, 48, 139, 2, 239, 232, 0, 1, 1),
(607, 'Biscoito, doce, recheado com m', 471, 100, 6, 71, 20, 1, 2, 36, 27, 138, 1, 230, 113, 0, 1, 1),
(608, 'Biscoito, doce, wafer, rechead', 502, 100, 6, 68, 25, 1, 2, 23, 48, 124, 2, 137, 240, 0, 1, 0),
(609, 'Biscoito, doce, wafer, rechead', 513, 100, 5, 67, 26, 1, 1, 14, 19, 73, 1, 120, 75, 0, 1, 0),
(610, 'Biscoito, salgado, cream crack', 432, 100, 10, 69, 14, 1, 3, 20, 40, 148, 2, 854, 181, 0, 1, 1),
(611, 'Bolo, mistura para', 419, 100, 6, 85, 6, 1, 2, 59, 28, 333, 1, 463, 75, 0, 1, 0),
(612, 'Bolo, pronto, aipim', 324, 100, 4, 48, 13, 1, 1, 85, 10, 122, 0, 111, 135, 0, 0, 0),
(613, 'Bolo, pronto, chocolate', 410, 100, 6, 55, 18, 1, 1, 75, 28, 197, 2, 283, 212, 0, 1, 0),
(614, 'Bolo, pronto, coco', 333, 100, 6, 52, 11, 1, 1, 57, 16, 303, 1, 190, 143, 0, 1, 0),
(615, 'Bolo, pronto, milho', 311, 100, 5, 45, 12, 1, 1, 83, 10, 128, 1, 134, 118, 0, 0, 0),
(616, 'Canjica, branca, crua', 358, 100, 7, 78, 1, 1, 5, 2, 12, 48, 0, 1, 93, 0, 0, 0),
(617, 'Canjica, com leite integral', 112, 100, 2, 24, 1, 1, 1, 43, 6, 41, 0, 28, 70, 0, 0, 0),
(618, 'Cereais, milho, flocos, com sa', 370, 100, 7, 81, 2, 1, 5, 2, 20, 91, 1, 272, 69, 0, 1, 0),
(619, 'Cereais, milho, flocos, sem sa', 363, 100, 7, 80, 1, 1, 2, 2, 17, 58, 2, 31, 29, 0, 0, 0),
(620, 'Cereais, mingau, milho, infant', 394, 100, 6, 87, 1, 1, 3, 219, 16, 169, 3, 399, 82, 0, 0, 0),
(621, 'Cereais, mistura para vitamina', 381, 100, 9, 82, 2, 1, 5, 584, 72, 515, 13, 1163, 244, 0, 2, 2),
(622, 'Cereal matinal, milho', 365, 100, 7, 84, 1, 1, 4, 143, 11, 101, 3, 655, 83, 0, 8, 0),
(623, 'Cereal matinal, milho, açúcar', 377, 100, 5, 89, 1, 1, 2, 56, 8, 43, 4, 405, 52, 0, 8, 0),
(624, 'Creme de arroz, pó', 386, 100, 7, 84, 1, 1, 1, 7, 51, 153, 1, 1, 115, 0, 2, 1),
(625, 'Creme de milho, pó', 333, 100, 5, 86, 2, 1, 4, 323, 30, 303, 4, 594, 166, 0, 1, 0),
(626, 'Curau, milho verde', 78, 100, 2, 14, 2, 1, 0, 53, 16, 75, 0, 21, 162, 0, 0, 0),
(627, 'Curau, milho verde, mistura pa', 402, 100, 2, 80, 13, 1, 3, 31, 9, 45, 1, 223, 55, 0, 0, 0),
(628, 'Farinha, de arroz, enriquecida', 363, 100, 1, 86, 0, 1, 1, 1, 4, 36, 31, 17, 13, 0, 8, 0),
(629, 'Farinha, de centeio, integral', 336, 100, 13, 73, 2, 1, 15, 34, 120, 340, 5, 41, 334, 1, 3, 4),
(630, 'Farinha, de milho, amarela', 351, 100, 7, 79, 1, 1, 5, 1, 31, 84, 2, 45, 58, 0, 1, 0),
(631, 'Farinha, de rosca', 371, 100, 11, 76, 1, 1, 5, 35, 57, 195, 7, 332, 212, 0, 2, 2),
(632, 'Farinha, de trigo', 360, 100, 10, 75, 1, 1, 2, 18, 31, 115, 1, 1, 151, 0, 1, 0),
(633, 'Farinha, láctea, de cereais', 415, 100, 12, 78, 6, 1, 2, 196, 58, 296, 9, 125, 366, 0, 2, 1),
(634, 'Lasanha, massa fresca, cozida', 164, 100, 6, 33, 1, 1, 2, 10, 4, 42, 1, 207, 54, 0, 0, 0),
(635, 'Lasanha, massa fresca, crua', 220, 100, 7, 45, 1, 1, 2, 17, 13, 82, 2, 667, 137, 0, 1, 0),
(636, 'Arroz, integral, cozido', 124, 100, 3, 26, 1, 1, 3, 5, 59, 106, 0, 1, 75, 0, 1, 1),
(637, 'Arroz, integral, cru', 360, 100, 7, 77, 2, 1, 5, 8, 110, 251, 1, 2, 173, 0, 1, 3),
(638, 'Arroz, tipo 1, cozido', 128, 100, 3, 28, 0, 1, 2, 4, 2, 18, 0, 1, 15, 0, 0, 0),
(639, 'Arroz, tipo 1, cru', 358, 100, 7, 79, 0, 1, 2, 4, 30, 104, 1, 1, 62, 0, 1, 1),
(640, 'Arroz, tipo 2, cozido', 130, 100, 3, 28, 0, 1, 1, 3, 6, 22, 0, 2, 20, 0, 1, 0),
(641, 'Arroz, tipo 2, cru', 358, 100, 7, 79, 0, 1, 2, 5, 29, 82, 1, 1, 57, 0, 1, 1),
(642, 'Aveia, flocos, crua', 394, 100, 14, 67, 8, 1, 9, 48, 119, 153, 4, 5, 336, 0, 3, 2),
(643, 'Biscoito, doce, maisena', 443, 100, 8, 75, 12, 1, 2, 54, 37, 166, 2, 352, 142, 0, 1, 1),
(644, 'Biscoito, doce, recheado com c', 472, 100, 6, 71, 20, 1, 3, 27, 48, 139, 2, 239, 232, 0, 1, 1),
(645, 'Biscoito, doce, recheado com m', 471, 100, 6, 71, 20, 1, 2, 36, 27, 138, 1, 230, 113, 0, 1, 1),
(646, 'Biscoito, doce, wafer, rechead', 502, 100, 6, 68, 25, 1, 2, 23, 48, 124, 2, 137, 240, 0, 1, 0),
(647, 'Biscoito, doce, wafer, rechead', 513, 100, 5, 67, 26, 1, 1, 14, 19, 73, 1, 120, 75, 0, 1, 0),
(648, 'Biscoito, salgado, cream crack', 432, 100, 10, 69, 14, 1, 3, 20, 40, 148, 2, 854, 181, 0, 1, 1),
(649, 'Bolo, mistura para', 419, 100, 6, 85, 6, 1, 2, 59, 28, 333, 1, 463, 75, 0, 1, 0),
(650, 'Bolo, pronto, aipim', 324, 100, 4, 48, 13, 1, 1, 85, 10, 122, 0, 111, 135, 0, 0, 0),
(651, 'Bolo, pronto, chocolate', 410, 100, 6, 55, 18, 1, 1, 75, 28, 197, 2, 283, 212, 0, 1, 0),
(652, 'Bolo, pronto, coco', 333, 100, 6, 52, 11, 1, 1, 57, 16, 303, 1, 190, 143, 0, 1, 0),
(653, 'Bolo, pronto, milho', 311, 100, 5, 45, 12, 1, 1, 83, 10, 128, 1, 134, 118, 0, 0, 0),
(654, 'Canjica, branca, crua', 358, 100, 7, 78, 1, 1, 5, 2, 12, 48, 0, 1, 93, 0, 0, 0),
(655, 'Canjica, com leite integral', 112, 100, 2, 24, 1, 1, 1, 43, 6, 41, 0, 28, 70, 0, 0, 0),
(656, 'Cereais, milho, flocos, com sa', 370, 100, 7, 81, 2, 1, 5, 2, 20, 91, 1, 272, 69, 0, 1, 0),
(657, 'Cereais, milho, flocos, sem sa', 363, 100, 7, 80, 1, 1, 2, 2, 17, 58, 2, 31, 29, 0, 0, 0),
(658, 'Cereais, mingau, milho, infant', 394, 100, 6, 87, 1, 1, 3, 219, 16, 169, 3, 399, 82, 0, 0, 0),
(659, 'Cereais, mistura para vitamina', 381, 100, 9, 82, 2, 1, 5, 584, 72, 515, 13, 1163, 244, 0, 2, 2),
(660, 'Cereal matinal, milho', 365, 100, 7, 84, 1, 1, 4, 143, 11, 101, 3, 655, 83, 0, 8, 0),
(661, 'Cereal matinal, milho, açúcar', 377, 100, 5, 89, 1, 1, 2, 56, 8, 43, 4, 405, 52, 0, 8, 0),
(662, 'Creme de arroz, pó', 386, 100, 7, 84, 1, 1, 1, 7, 51, 153, 1, 1, 115, 0, 2, 1),
(663, 'Creme de milho, pó', 333, 100, 5, 86, 2, 1, 4, 323, 30, 303, 4, 594, 166, 0, 1, 0),
(664, 'Curau, milho verde', 78, 100, 2, 14, 2, 1, 0, 53, 16, 75, 0, 21, 162, 0, 0, 0),
(665, 'Curau, milho verde, mistura pa', 402, 100, 2, 80, 13, 1, 3, 31, 9, 45, 1, 223, 55, 0, 0, 0),
(666, 'Farinha, de arroz, enriquecida', 363, 100, 1, 86, 0, 1, 1, 1, 4, 36, 31, 17, 13, 0, 8, 0),
(667, 'Farinha, de centeio, integral', 336, 100, 13, 73, 2, 1, 15, 34, 120, 340, 5, 41, 334, 1, 3, 4),
(668, 'Farinha, de milho, amarela', 351, 100, 7, 79, 1, 1, 5, 1, 31, 84, 2, 45, 58, 0, 1, 0),
(669, 'Farinha, de rosca', 371, 100, 11, 76, 1, 1, 5, 35, 57, 195, 7, 332, 212, 0, 2, 2),
(670, 'Farinha, de trigo', 360, 100, 10, 75, 1, 1, 2, 18, 31, 115, 1, 1, 151, 0, 1, 0),
(671, 'Farinha, láctea, de cereais', 415, 100, 12, 78, 6, 1, 2, 196, 58, 296, 9, 125, 366, 0, 2, 1),
(672, 'Lasanha, massa fresca, cozida', 164, 100, 6, 33, 1, 1, 2, 10, 4, 42, 1, 207, 54, 0, 0, 0),
(673, 'Lasanha, massa fresca, crua', 220, 100, 7, 45, 1, 1, 2, 17, 13, 82, 2, 667, 137, 0, 1, 0);

-- --------------------------------------------------------

--
-- Estructura de tabla para la tabla `categoria`
--

CREATE TABLE `categoria` (
  `idCategoria` int(11) NOT NULL,
  `nombreCat` varchar(40) NOT NULL,
  `descripcion` varchar(10000) DEFAULT NULL
) ENGINE=InnoDB DEFAULT CHARSET=utf8;

--
-- Volcado de datos para la tabla `categoria`
--

INSERT INTO `categoria` (`idCategoria`, `nombreCat`, `descripcion`) VALUES
(1, 'Cereales y derivados', 'Los cereales (trigo, arroz, maíz, cebada, avena, centeno, mijo, etc.) y sus derivados (pan, pasta, galletas, bollería, etc.) han sido y probablemente seguirán siendo un componente básico y uno de los más importantes de la dieta del hombre.\r\n\r\nSin embargo, en las sociedades desarrolladas se ha observado en los últimos años una gran disminución en su consumo provocada principalmente porque han perdido prestigio en la dieta, porque se ha menospreciado su contenido en nutrientes y por la idea errónea de que son alimentos que engordan, sobreestimándose su cualidad de aportar energía en una sociedad en la que prima el culto al cuerpo y la estética corporal como un requisito para el éxito y el triunfo en la vida.\r\n\r\nEl pan, el componente más consumido dentro del grupo, tiene un 30% aproximadamente de agua y un alto contenido de hidratos de carbono complejos en forma de almidón (58% en el pan blanco y 49% en el integral). El rendimiento energético es de unas 277 y 258 kcal/100 g en el pan blanco y en integral, respectivamente.\r\n\r\nContienen un 8% de proteína (en el pan de trigo es el gluten, proteína rica en metionina) con el pequeño inconveniente, como otros cereales, de que la lisina (un aminoácido esencial que se encuentra abundantemente en las leguminosas) y el triptófano se encuentran en pequeñas cantidades ‐son los aminoácidos limitantes‐, disminuyendo su valor biológico. Sin embargo, si los cereales se consumen con otros alimentos como carnes, leche, huevos o leguminosas se produce el fenómeno de suplementación, mejorando notablemente la calidad de la proteína. El arroz o el maíz no contienen gluten.\r\n\r\nLos cereales, en general, prácticamente no tienen grasa (1% en el pan blanco) y como todos los alimentos de origen vegetal carecen de colesterol, excepto el pan de molde y los productos de bollería y repostería cuando se han preparado con grasas de origen animal. Estos también pueden elaborarse con grasas hidrogenadas contribuyendo de forma importante, si su consumo es alto, a la ingesta de ácidos grasos trans.\r\n\r\nAunque dentro del epígrafe “bollería” quedan incluidos gran variedad de alimentos, en general puede decirse que tienen un valor nutritivo similar al de otros componentes del grupo, la principal diferencia es que contienen menor cantidad de agua y se les añade azúcar y grasa (como media pueden tener un 20%). La calidad de la grasa y su composición en ácidos grasos, dependerá lógicamente de la utilizada.\r\n\r\nTienen también las vitaminas liposolubles que acompañan a la mantequilla o margarina enriquecidas o a los alimentos que se añaden: leche, huevos, etc. Existen diferencias respecto al contenido de fibra, mucho mayor en los cereales integrales, fibra que es principalmente insoluble (hemicelulosas, celulosa, lignina).\r\n\r\nLa avena tiene una apreciable cantidad de fibra soluble. Los cereales contienen minerales como Mg, Zn, Fe y algo de Ca, aunque el hierro es de escasa biodisponibilidad pues se trata de Fe inorgánico. Además, su absorción puede estar parcialmente limitada por la presencia de fitatos contenidos precisamente en la parte del grano que tiene también mayor cantidad de minerales. Predominan en los cereales las vitaminas del grupo B: tiamina, vitamina B6, ácido fólico y niacina, vitaminas que pueden perderse parcialmente durante el procesamiento industrial o culinario, especialmente la tiamina o vitamina B1 y el folato. La carencia de grasa determina que no contengan vitaminas liposolubles (D, carotenos, retinol), excepto el germen de trigo y el maíz en grano que contienen cantidades apreciables de vitamina E y carotenos. Además, también carecen de vitaminas B12 y C.\r\n\r\nCon respecto al contenido de algunos nutrientes es importante tener en cuenta las pérdidas durante la molienda. La distribución de los nutrientes dentro del grano no es uniforme y la concentración de fibra, minerales y vitaminas es mayor en la parte exterior. Por ello cuando el grano es pulido para obtener harina blanca (70‐75% de extracción) se pierde una gran parte de los nutrientes.\r\n\r\nUn aspecto importante de los alimentos de este grupo es que pueden ser enriquecidos fácilmente con determinados minerales (calcio y hierro) y vitaminas (tiamina y niacina, B2) restaurando los niveles iniciales que desaparecieron con la molienda. De hecho, en algunos países la legislación obliga a enriquecer la harina blanca con algunos nutrientes.'),
(2, 'Verduras, hortalizas y derivados', 'Verduras y hortalizas son dos términos que a veces se confunden y se utilizan de manera incorrecta. Por un lado, la palabra hortaliza es un término más amplio que se relaciona con la botánica y se refiere a cualquier vegetal cultivado con el fin de ser consumido. Así, se incluyen las legumbres (guisantes, habas, lentejas, etc.) y se excluyen frutas y cereales. \r\n\r\nEn cambio, el término verduras hace referencia a la parte verde de las hortalizas. En concreto, a las hojas, que pueden ser consumidas crudas o cocinadas. Se trata así pues de un término más bien relacionado con la alimentación que la botánica. Las verduras, de hecho, forman parte de las hortalizas y por este detalle suele existir tanta confusión lingüística. \r\n\r\nA modo de ejemplo, señalamos que las berenjenas, las calabazas, los pimientos y las zanahorias son hortalizas, mientras que las acelgas, las espinacas, la lechuga o la rúcula son verduras.\r\nSe trata de alimentos de origen vegetal que se utilizan en la alimentación. El Código Alimentario\r\nEspañol (CAE, 1991) define como hortaliza: «Cualquier planta herbácea hortícola en sazón que se\r\npuede utilizar como alimento, ya sea en crudo o cocinada». Indica, además, que la denominación de\r\nverdura distingue a un grupo de hortalizas en las que «la parte comestible está constituida por sus\r\nórganos verdes (hojas, tallos o inflorescencias)».\r\nLos tubérculos son brotes subterráneos engrosados que contienen las sustancias de reserva necesarias para que germine una nueva planta. Esto hace que acumulen importantes cantidades de nutrientes.\r\nEl principal representante del grupo son las patatas (también son tubérculos la pataca y la patata dulce,\r\no batata) (Vollmer et al., 1999). \r\nAlgunas verduras y hortalizas pueden consumirse en estado fresco. En otros casos, los alimentos de\r\neste grupo se consumen después de seguir un tratamiento culinario; dado su carácter perecedero, también se someten a diferentes métodos de conservación que permiten ampliar su período de vida útil,\r\nobteniendo distintos derivados (Torija y Cámara, 1999).\r\n'),
(3, 'Frutas y derivados', 'Se denomina fruta a aquellos frutos comestibles obtenidos de plantas cultivadas o silvestres que, por su sabor generalmente dulce-acidulado, su aroma intenso y agradable y sus propiedades nutritivas, suelen consumirse mayormente en su estado fresco, como jugo o como postre (y en menor medida, en otras preparaciones), una vez alcanzada la madurez organoléptica, o luego de ser sometidos a cocción.\r\n\r\nLa definición del diccionario de la Real Academia Española no es específica: fruto comestible de ciertas plantas cultivadas; p. ej. la pera, la guinda, la fresa, etc. Sin embargo, por los ejemplos dados, se evidencia que el término fruta se refiere a frutos para uso prioritario (aunque no excluyente) como postre, producidos en su mayoría por plantas leñosas (es decir, árboles frutales; por ejemplo, manzano, peral, melocotonero o durazno, ciruelo, cerezo, albaricoquero o damasco, higuera, vid, naranjo, mandarino, limonero, mango, papaya, chirimoya, guayabo, etc.) o por plantas semileñosas (arbustos frutales; por ejemplo, arándano, zarzamora, frambuesa, etc.) y, en mucha menor medida, por plantas herbáceas (por ejemplo, frutilla o fresa, banano o plátano).\r\n\r\nEl consumo de frutas aporta pocas calorías y un alto porcentaje de agua (entre 80 y 95 % de su peso fresco), por lo que facilita la hidratación del organismo.​ Coadyuva al correcto funcionamiento del aparato digestivo por el aporte de fibra alimentaria. Salvo excepciones (por ejemplo, el coco y el aceite de palma obtenido del fruto de Elaeis guineensis), las frutas no aportan grasas saturadas. Algunas frutas son fuentes de ácidos grasos esenciales para el organismo, tales como los frutos secos y las paltas o aguacates.2​ Las frutas son además una importante fuente de energía para el organismo por su alto contenido en hidratos de carbono solubles de rápida disponibilidad.\r\n\r\nComo alimento, las frutas realizan aportes a la dieta que son de suma importancia para la salud humana. En general, son ricas en vitaminas, sales minerales y antioxidantes.​ Algunas vitaminas y minerales, como la vitamina C y el potasio, dependen en buena medida de las frutas como fuentes de suministro.2​ Existen frutas como la sandía o el melón que contienen un alto índice de agua.'),
(4, 'Grasas y aceites', 'Las grasas y aceites de origen vegetal o animal son triglicéridos o también llamados ésteres de la glicerina, con ácidos grasos de larga cadena de hidrocarburos que generalmente varían en longitud. De forma general, cuando un triglicérido es sólido a temperatura ambiente se le conoce como grasa, y si se presenta como líquido se dice que es un aceite.\r\nLa palabra aceite (del árabe az-záyt, el jugo de la aceituna, y éste del arameo zaytā) es un término genérico para designar numerosos líquidos grasos de orígenes diversos que no se disuelven en el agua y que tienen menor densidad que ésta. Es sinónimo de óleo (del latín oleum), pero este término actualmente se emplea sólo para los sacramentos de la Iglesia católica y en el arte de la pintura.\r\n\r\nOriginalmente la palabra aceite se refería únicamente al aceite de oliva, y óleo se utilizaba para los demás, pero la palabra se generalizó para denominar a aceites vegetales, animales o minerales sustituyendo a óleo en la mayoría de sus acepciones.'),
(5, 'Pescados y mariscos', 'Entre en el pescado y el marisco hay ciertas diferencias. Los pescados son animales vertebrados y se dividen en carne magra como el huachinango, bacalao y lenguado, así como la carne semi magra como es el bonito, jurel y la sardina.\r\n\r\nTambién están los pescados grasos como el salmón, el atún y la angula y los mariscos son animales marinos invertebrados que pueden ser comestibles, algunos de ellos son los camarones, langostas, langostinos, cangrejos, mejillones, ostras, pulpo, calamares, ostras, erizos de mar y vierias entre otros.'),
(6, 'Carnes y derivados', 'La carne es una excelente fuente de proteínas completas, ya que contiene todos los aminoácidos que el cuerpo necesita para desarrollar y mantener los músculos. Los alimentos vegetarianos no contienen proteínas completas, por lo que no son tan buenos en la construcción y el mantenimiento de músculos fuertes.\r\n\r\nLa carne es una de las mejores fuentes de hierro en la dieta. Si consumes suficiente cantidad de hierro de los alimentos o suplementos, tienes riesgo de padecer anemia y sentirte con la energía baja. El hierro aumenta tu energía, ya que se necesita para producir glóbulos rojos, que transportan el oxígeno desde los pulmones a otras partes de su cuerpo, incluyendo el cerebro.\r\n\r\nLa carne es una fuente importante de zinc. Este mineral ayuda a que el sistema inmunológico funcione correctamente y es necesario para algunas reacciones bioquímicas. Durante el invierno, el zinc puede ser importante para ayudar a prevenir los resfriados y la gripe.\r\n\r\nLa vitamina B12, otro nutriente que se encuentra en la carne, ayuda a prevenir enfermedades del corazón y puede reducir el riesgo de padecer cáncer de mama, la enfermedad de Alzheimer y la depresión.\r\nLista de carnes y derivados:\r\nCarne de aves \r\nCarne de cerdo \r\nCarne de cordero \r\nEmbutidos \r\nOtras carnes \r\nCarne de vacuno \r\nVísceras '),
(7, 'Leche y derivados', 'La leche es tan antigua como la humanidad misma. La evidencia arqueológica parece indicar que las ovejas y las cabras se domesticaron en las praderas y bosques abiertos de los actuales Irán e Irak, hace unos 10.000-11.000 años, mil años antes que los bóvidos. \r\nLa leche aporta diversos nutrientes:\r\n-PROTEÍNAS: de alto valor biológico, con capacidad de aumentar el valor de otras proteínas\r\nde inferior calidad, tal como los cereales, cuando se los consume juntos.\r\nLa proteína específica y mayoritaria de la leche (80%) es la caseína. Está en suspensión\r\nformando micelas, no se coagula al calentar la leche a 100°C pero sí al bajar el pH a 4,6. El\r\n20% restante son las proteínas del suero, lactoalbúminas y lactoglobulinas, que tienen\r\nimportantes funciones inmunológicas.\r\n-GRASAS: responsbles de la mitad del valor calótico de la leche, así como de las\r\ncaracterísticas físicas, organolépticas y nutritivas, ya que incluyen vitaminas liposolubles (A, D,\r\nE). Los dos componentes mayoritarios son los ácidos grasos saturados y el colesterol,\r\naterogénicos ambos, lo que obliga a recomendar el consumo de lácteos descremados.\r\n-HIDRATOS DE CARBONO: fundamentalmente la lactosa o “azúcar de leche”, que actúa\r\nprincipalmente como fuente de energía y tiene un efecto facilitador de la absorción de calcio.\r\nDespués de la primera infancia, se puede perder la capacidad de digerir la lactosa y existe en\r\nla población general un 40% de intolerancia a la lactosa, con presencia de trastornos\r\nintestinales.\r\n-MINERALES: aporta varios minerales (fórforo, magnesio, potasio, zinc) pero el calcio se\r\ndestaca de manera especial porque no es aportado por otros alimentos en esta proporción. La\r\nleche es deficiente en hierro.\r\n-VITAMINAS: continene vitaminas hidrosolubles (B1, B2, niacina y ácido fólico) y\r\nliposolubles (vitamina A). Hay que tener en cuenta que el proceso de descremado disminuye\r\nel aporte de vitaminas A y D; por lo que la industria las adiciona a la leche y a los productos\r\ndescremados.'),
(8, 'Bebidas (alcohólicas y no alcohólicas)', 'Bebida es cualquier líquido que se ingiere y aunque la bebida por excelencia es el agua, el término se refiere por antonomasia a las bebidas alcohólicas y las bebidas gaseosas. Las infusiones también son un ejemplo de uso masivo de bebidas.\r\n\r\nSiendo su principal objeto calmar la sed, el consumo de ciertas bebidas, especialmente espirituosas, ha estado con no poca frecuencia vinculado a la celebración de rituales de carácter religioso (tómese por ejemplo la eucaristía del rito católico), siendo su consumo hoy día, quizá a modo de reminiscencia de aquellos ritos, muy frecuente en encuentros sociales y celebraciones.\r\nEl agua es necesaria para la supervivencia de todos los organismos, incluidos los seres humanos. El cuerpo humano está compuesto de entre un 55% y un 78% de agua, dependiendo de sus medidas y complexión. Es un componente crucial en los procesos metabólicos del organismo, donde actúa como disolvente. Para evitar desórdenes, el cuerpo necesita alrededor de dos a tres litros diarios de agua; la cantidad exacta variará en función del nivel de actividad, la temperatura, la humedad y otros factores. \r\nUna bebida alcohólica es una bebida que contiene etanol (alcohol etílico).\r\n\r\nAtendiendo a la elaboración se pueden distinguir entre bebidas producidas por fermentación alcohólica (vino, cerveza, hidromiel, sake) en las que el contenido en alcohol no supera los 18-20 grados, y las producidas por destilación, generalmente a partir de un producto de fermentación (licores, aguardientes, entre otros).\r\nEl término \"bebida gaseosa\" se utiliza para referirse a aquellas bebidas hidrocarbonatadas y sin alcohol que suelen consumirse frías. Las bebidas más comunes son la gaseosa, la cola, la limonada, el té helado, el granizado y el ponche. Muchas bebidas con gas están disponibles en una versión sin azúcar.'),
(9, 'Huevos y derivados', 'Los huevos de las aves constituyen un alimento habitual en la alimentación de los humanos. Se presentan protegidos por una cáscara y son ricos en proteínas (principalmente albúmina, que es la clara o parte blanca del huevo) y lípidos.​ Son un alimento de fácil digestión, componente principal de múltiples platos dulces y salados, y una parte imprescindible en muchos otros debido a sus propiedades aglutinantes.\r\nLos más consumidos, con gran diferencia, son los de gallina (Gallus gallus domesticus), seguidos por los de pato y ganso, también se consumen los huevos de codorniz que son muy pequeños, bien como exquisitez gastronómica o para niños pequeños. Los huevos de avestruz y ñandú son también comestibles y pueden llegar a pesar 1,3 kg.'),
(10, 'Productos azucarados', 'Los productos azucarados son alimentos y bebidas que han sido procesados, preparados o consumidos con azúcares añadidos.\r\n\r\nEl consumo elevado de azúcares se asocia con diversas patologías como sobrepeso, obesidad, alteraciones hepáticas, desórdenes del comportamiento, diabetes, hiperlipidemia, enfermedad cardiovascular, hígado graso, algunos tipos de cáncer y caries dental. Además, el consumo de azúcares puede contribuir al desarrollo de alteraciones psicológicas como la hiperactividad, el síndrome premenstrual y las enfermedades mentales.\r\n\r\nReconociendo el impacto en salud del consumo de azúcares, es necesario considerar la regulación de su contenido en los productos procesados, así como algunas metas de consumo. En varios países se ha realizado esta regulación enfocada a aspectos como clasificación de los productos según contenido de azúcares, información nutricional en el etiquetado, cantidad de azúcar permitido según el alimento, definición de objetivos, metas y estrategias para reducir el consumo de azúcares y aumento de impuestos para los productos que no cumplan lo reglamentado.\r\n\r\nAl comparar los efectos del consumo de azúcar con los producidos por el alcohol, se plantea que las acciones de control deben ser similares a las del tabaco y el alcohol, en las que se intervienen la promoción, la publicidad, el precio y los lugares de distribución.\r\nSegún estudios realizados se ha llegado a la conclusión de que en los niños el comer dulces y golosinas se origina principalmente por el crecimiento, y han visto que aquellos niños que se están desarrollando más rápidamente sienten un mayor impulso por alimentos dulces ya que las demandas de calorías aumentan. En términos generales está marcada necesidad de dulces va desapareciendo con la edad hasta casi desaparecer alrededor de los 16 años, aunque hay adultos que conservan el gusto por el dulce.'),
(11, 'Diversos', 'Incluimos aquí distintos alimentos como la sal.\r\nLa sal común o sal de mesa, conocida popularmente como sal, es un tipo de sal denominada cloruro sódico (o cloruro de sodio), cuya fórmula química es NaCl. Existen tres tipos de sal común, según su procedencia: la sal marina y la de manantial, que se obtienen por evaporación; la sal gema, que procede de la extracción minera de una roca mineral denominada halita, y la sal vegetal, que se obtiene por concentración, al hervir una planta gramínea (método también utilizado para la obtención de azúcar a partir de otra planta gramínea) que crece en el desierto de Kalahari.\r\nLa sal proporciona a los alimentos uno de los sabores básicos, el salado, que es posible percibir debido a que la lengua tiene receptores específicos para su detección. El consumo de la sal modifica el comportamiento frente a los alimentos, ya que es un generador del apetito y estimula su ingesta. Se emplea fundamentalmente en dos áreas: como condimento de algunos platos y como conservante en los salazones de carnes y pescado (incluso de algunas verduras), así como en la elaboración de ciertos encurtidos.'),
(12, 'Otros alimentos industrializados', 'Alimentos como por ejemplo la leche de coco o la mayonesa.\r\nLa leche de coco es un ingrediente que se obtiene mezclando agua con carne o endospermo de coco maduro triturado.\r\n\r\nNo se debe confundir la leche de coco con el agua de coco, ya que el agua se encuentra de forma líquida y natural en la cavidad central del coco, mientras que la leche se genera de la pulpa triturada.7​ Con aspecto similar a la leche, su color y sabor se atribuye a su alto contenido de azúcares y aceites.​ Se usa como base de platos y salsas en las cocinas de Asia y el Caribe.\r\nLa mayonesa​ es una salsa emulsionada fría elaborada principalmente a base de huevo entero y aceite vegetal batidos. De origen menorquín, generalmente se la sazona con sal, zumo de limón o vinagre. Se trata de una salsa de origen español emparentada culinariamente con el alioli. Hoy en día es empleada en multitud de platos internacionales como acompañamiento, por regla general de hortalizas y pescados. Su origen ha sido disputa de eruditos desde comienzos del siglo XX. En la actualidad, se sigue haciendo a mano —con batidora, ya no al mortero— en España, Cuba, Italia, Francia y Bélgica, pero en el resto del mundo occidental el consumo de esta salsa es mayoritariamente de origen industrial y se asocia principalmente a la comida rápida.'),
(13, 'Alimentos preparados', 'Incluimos alimentos como el arroz, el cuscus y los macarrones.\r\nEl macarrón (en italiano maccheroni) es un tipo de pasta elaborado con agua, harina de trigo y, a veces, huevo, que suele tener forma de tubo alargado, conocidos como plumas.\r\n\r\nSegún la leyenda, los macarrones fueron llevados a Italia por Marco Polo, cuando regresó en 1292 a Venecia de su viaje a China. Esta hipótesis ha sido refutada, ya que parece que los macarrones ya se utilizaba en Italia, al menos, un siglo antes, como las pastas en general; el geógrafo marroquí Muhammad al-Idrisi, que vivió en Sicilia, ha documentado los macarrones en Sicilia y en particular en Trabia.\r\nEl cuscús o alcuzcuz en hispanoárabe (en bereber, ⵙⵉⴽⵙⵓ seksu o keskesu, en árabe magrebí, kesksu, kosksi o ta\'am) es un plato tradicional bereber hecho a base de sémola de trigo. Los ingredientes son sémola de trigo, verduras, garbanzos y carne roja. El cuscús es un alimento que consiste en granos de sémola de trigo duro de tamaño medio de un milímetro de diámetro (tras el cocinado). El cuscús es un alimento básico en las cocinas del África del Norte, Marruecos, Argelia, Túnez, Mauritania y Libia y, en menor medida, en Sicilia.'),
(14, 'Legumbres y derivados', 'Se denomina legumbre (del latín legumen) a la semilla contenida en las plantas de la familia de las Leguminosas (Fabaceae).\r\n\r\nLas legumbres constituyen un grupo de alimentos muy homogéneo, desarrollados a partir del gineceo, de un solo carpelo y que se abre tanto por la sutura ventral como por el nervio dorsal, en dos valvas y con las semillas en una hilera ventral. Estas vainas suelen ser rectas y carnosas. Por lo general poseen una carne interior esponjosa, aterciopelada y de color blanco. Su parte interna corresponde al mesocarpio y al endocarpio del fruto.\r\n\r\nEl tamaño de las legumbres varía desde un milímetro o poco más hasta cincuenta centímetros. Su forma, aunque en la mayoría de los casos es alargada y comprimida, como la de las judías, frijoles o habichuelas, varía muchísimo.\r\n\r\nEstos frutos pertenecen al gran grupo de las plantas leguminosas (familia Fabaceae) y, a pesar del gran número de especies que componen esta familia, las utilizadas para la alimentación humana y del ganado son relativamente pocas.\r\n\r\nLa parte de la planta consumida en alimentación animal y humana varía entre las distintas especies de leguminosas. En la mayor parte de los casos, la parte comestible coincide con la utilizada por la planta como almacén de sustancias de reserva. La gran variación existente en la parte consumida es una consecuencia de la diversidad de estrategias utilizadas por las leguminosas para su adaptación a los medios más diversos.'),
(15, 'Nueces y semillas', 'Las semillas comestibles constituyen el origen de la nutrición, puesto que son una planta viva embrionaria que permite la renovación, regeneración y sucesión ecológica de las plantas y los ambientes naturales.\r\n\r\nLas semillas son alimentos que pueden conservarse vivos tras su almacenamiento. Contienen, en reserva, los elementos necesarios para sostener con vida las primeras etapas de la futura planta.\r\n\r\nPor esa razón, es comprensible que figuren entre los primeros productos alimenticios cultivados por el hombre, pues cuentan con altas concentraciones de vitaminas, proteínas, minerales, enzimas y aceites esenciales en estado crudo.\r\nLa nuez es una clase de fruto seco de cáscara dura que en su interior contiene una semilla. La más popular es la nuez que proviene del nogal. En inglés emplean el término (nut) para referirse también a las castañas, avellanas y bellotas.\r\n\r\nEste tipo de semilla es rica en grasas buenas, con un alto contenido de antioxidantes, vitamina E y minerales. Estas bondades nutricionales se traducen en los siguientes beneficios:\r\n\r\nReducción del riesgo de padecer enfermedades cardiovasculares y circulatorias.\r\nMejora de transmisión de señales nerviosas.\r\nFortalecimiento de los sistemas óseo, muscular y nervioso.\r\nSemillas oleaginosas\r\nSon aquellas de las que se puede extraer aceite. Es el caso de las semillas de sésamo, girasol o calabaza, entre otras. De igual manera, funcionan como complemento alimenticio por su contenido en proteínas y grasas benignas.\r\nLas semillas de girasol contienen cerca de un 36% de aceite y un 23% de proteína. Son fuente de vitaminas E, B1, B2 y B3, además de ofrecer minerales como el potasio, hierro, magnesio y fósforo.\r\nLas pepitas de calabaza son una buena fuente de proteínas, pues con tan solo 100 gramos obtenemos cerca de un 54% de las necesidades diarias.\r\nLa linaza o lino se reconoce especialmente por su rico contenido de ácido alfa-linolénico (ALA, parte de los omega 3), además de aportar nutrientes diversos como hidratos de carbono, fibra, proteínas, vitaminas del complejo B y E, calcio, magnesio, fósforo, potasio, entre otros.\r\nEs reconocida como la mayor fuente vegetal de omega 3. Son muy ricas en vitaminas (sobre todo del complejo B) y minerales (calcio, manganeso, fósforo, zinc y potasio).');

-- --------------------------------------------------------

--
-- Estructura de tabla para la tabla `lista_recetas`
--

CREATE TABLE `lista_recetas` (
  `idReceta` int(8) NOT NULL,
  `idUsuario` int(8) NOT NULL
) ENGINE=InnoDB DEFAULT CHARSET=utf8;

--
-- Volcado de datos para la tabla `lista_recetas`
--

INSERT INTO `lista_recetas` (`idReceta`, `idUsuario`) VALUES
(2, 17),
(3, 17),
(4, 16),
(4, 19),
(9, 16),
(20, 16),
(37, 16),
(37, 19);

-- --------------------------------------------------------

--
-- Estructura de tabla para la tabla `objetivo`
--

CREATE TABLE `objetivo` (
  `idObj` int(8) NOT NULL,
  `nombreObj` varchar(60) NOT NULL
) ENGINE=InnoDB DEFAULT CHARSET=utf8;

--
-- Volcado de datos para la tabla `objetivo`
--

INSERT INTO `objetivo` (`idObj`, `nombreObj`) VALUES
(1, 'Beber agua'),
(2, 'Hacer deporte'),
(3, 'Comer fruta'),
(4, 'Comer verdura'),
(5, 'Dormir mínimo 6 horas'),
(6, 'Disminuir el consumo de alcohol'),
(7, 'Dejar de fumar'),
(8, 'Disminuir la bollería industrial'),
(9, 'Disminuir el consumo de azucar'),
(10, 'Evitar alimentos procesados'),
(11, 'Hacer mínimo 30 minutos de deporte'),
(12, 'Hacer más de 1 hora de deporte');

-- --------------------------------------------------------

--
-- Estructura de tabla para la tabla `objetivo_personal`
--

CREATE TABLE `objetivo_personal` (
  `idObjPersonal` int(8) NOT NULL,
  `fecha` date NOT NULL,
  `cumplido` varchar(6) NOT NULL,
  `idUsuario` int(8) NOT NULL,
  `idObj` int(8) NOT NULL
) ENGINE=InnoDB DEFAULT CHARSET=utf8;

--
-- Volcado de datos para la tabla `objetivo_personal`
--

INSERT INTO `objetivo_personal` (`idObjPersonal`, `fecha`, `cumplido`, `idUsuario`, `idObj`) VALUES
(1, '2019-04-27', 'si', 13, 1),
(2, '2019-05-08', 'si', 13, 3),
(3, '2019-05-08', 'si', 13, 5),
(4, '2019-05-08', 'si', 13, 5),
(5, '2019-05-08', 'si', 13, 11),
(6, '2019-05-09', 'si', 17, 3),
(7, '2019-05-09', 'si', 17, 3),
(8, '2019-05-09', 'si', 17, 10),
(9, '2019-05-01', 'si', 16, 7),
(10, '2019-05-01', 'si', 16, 3),
(13, '2019-05-16', 'si', 13, 3),
(14, '2019-05-16', 'si', 19, 1),
(15, '2019-05-17', 'si', 19, 3),
(16, '2019-05-17', 'si', 19, 4),
(17, '2019-05-19', 'si', 13, 1),
(18, '2019-05-19', 'si', 13, 3),
(20, '2019-05-19', 'si', 13, 1),
(21, '2019-05-19', 'si', 13, 3),
(22, '2019-05-19', 'si', 13, 4),
(23, '2019-05-19', 'si', 13, 9),
(24, '2019-05-28', 'si', 13, 1),
(25, '2019-05-28', 'si', 13, 4),
(26, '2019-05-28', 'si', 13, 2),
(27, '2019-05-28', 'si', 13, 5),
(28, '2019-02-11', 'si', 13, 5),
(29, '2019-04-16', 'si', 13, 5),
(30, '2019-02-09', 'si', 13, 5),
(31, '2019-04-02', 'si', 13, 5),
(32, '2019-04-14', 'si', 13, 5),
(33, '2019-04-07', 'si', 13, 5),
(34, '2019-06-05', 'si', 13, 1),
(35, '2019-06-05', 'si', 13, 3),
(36, '2019-06-05', 'si', 13, 4),
(37, '2019-06-05', 'si', 13, 7),
(38, '2019-06-05', 'si', 13, 5),
(39, '2019-06-05', 'si', 13, 10),
(40, '2019-06-05', 'si', 13, 12),
(41, '2019-06-05', 'si', 13, 11),
(42, '2019-06-05', 'si', 16, 4),
(43, '2019-06-05', 'si', 16, 9),
(44, '2019-06-05', 'si', 16, 8),
(45, '2019-06-13', 'si', 13, 1),
(46, '2019-06-13', 'si', 13, 4),
(47, '2019-06-13', 'si', 13, 9),
(48, '2019-06-13', 'si', 13, 8),
(49, '2019-06-13', 'si', 13, 5),
(50, '2019-06-13', 'si', 13, 10),
(51, '2019-06-13', 'si', 13, 12),
(52, '2019-06-14', 'si', 13, 11),
(53, '2019-06-14', 'si', 84, 1),
(54, '2019-06-14', 'si', 84, 3),
(55, '2019-06-14', 'si', 84, 4),
(56, '2019-06-14', 'si', 84, 7),
(57, '2019-06-15', 'si', 13, 5);

-- --------------------------------------------------------

--
-- Estructura de tabla para la tabla `receta`
--

CREATE TABLE `receta` (
  `idReceta` int(8) NOT NULL,
  `nombreReceta` varchar(30) NOT NULL,
  `descripcion` text NOT NULL,
  `tiempo` time DEFAULT NULL
) ENGINE=InnoDB DEFAULT CHARSET=utf8;

--
-- Volcado de datos para la tabla `receta`
--

INSERT INTO `receta` (`idReceta`, `nombreReceta`, `descripcion`, `tiempo`) VALUES
(1, 'Tortilla de patatas', 'Elaboración: \r\nEn primer lugar debemos pelar y cortar las patatas, hay personas que prefieren cortarlas en rodajas finitas y otras en \r\ndados, lo importante es que todas tengan un tamaño parecido para que tarden el mismo tiempo en hacerse. Una vez \r\ncortadas le echamos buen puñadito de sal y las ponemos en aceite muy caliente.Ahora cortamos la cebolla en trozos \r\nno demasiado pequeños, la cantidad de cebolla va en gustos, desde los que no les gusta y no la ponen o ponen una \r\ncebolla pequeñita, hasta los que les gusta mucho y ponen una o dos cebollas por tortilla dependiendo del tamaño de \r\nlas cebollas y de las patatas, tendrás que ir probando para dar con la fórmula que más te guste. Para que no lloremos a \r\nla hora de cortar la cebolla un truco efectivo es hacerlo bajo el extractor de humos encendido o en un sitio con corriente de \r\naire, pruébalo y verás cómo funciona.Llega el momento de freír la patata en abundante y caliente aceite. El punto de cocción \r\ndebe estar entre fritas y cocidas, casi frita pero no del todo crujiente. Así no corres el riesgo de que te quede cruda y \r\nse escurrirá mejor todo el aceite. Cuando esté casi cocinada la patata echaremos la cebolla, con 3 minutos \r\nbastará para que esté lista, aunque aquí también cada maestrillo tiene su truquillo y muchos la fríen junto a la \r\npatata desde el principio.Mientras se fríen las patatas podemos ir batiendo los huevos en un bol y añadiremos \r\na estos una pizca de sal. Para que salga muy esponjosa separamos las \r\nyemas de las claras y montamos estas \r\nhasta su punto de nieve, también podemos añadirle una cucharita de levadura y conseguiremos el mismo \r\nefecto. Si lo que queremos es que esté más jugosa le añadiremos un chorrito de leche fría.Cuando \r\nestén listas las patatas las escurrimos muy bien del aceite de la sartén para que no quede aceitosa y las echamos \r\nen los huevos bien batidos y dejamos reposar la mezcla 10 minutos así conseguiremos que la patata \r\nse empape bien y adquiera la consistencia adecuada. El huevo deberá cubrir la patata y la cebolla.Ahora ponemos \r\nuna cucharada de aceite en la sartén bien limpia y cuando esté muy caliente vertemos la mezcla y dejamos \r\nque se haga 1 o 2 minutos dependiendo de si la tortilla nos gusta que quede más o menos cuajada.También \r\ntenemos que tener a mano un plato con el que vamos a dar la vuelta a la tortilla de patata y este debe ser \r\nsiempre más grande que la sartén para no tener problemas en el momento de darla la vuelta y que tanto \r\nmiedo nos da, debemos hacer un movimiento rápido y con seguridad, de forma firme y decidida. \r\nPonemos éste sobre la sartén y lo sujetamos con fuerza con una mano mientras que usamos la otra para darle la vuelta \r\nagarrando por el mango. Ahora sólo nos falta volver a poner la tortilla en la sartén para que se termine de cuajar por el \r\notro lado. Esto nos llevará 1 o 2 minutos si nos gusta jugosa y 2 o 3 minutos si nos gusta más cuajada. \r\nPasamos la tortilla a un plato limpio y ¡Listo!Con estos pequeños trucos y consejos conseguirás \r\ndisfrutar de una sabrosa tortilla de patata, ahora ya sólo te queda practicar y practicar. Y si lo que quieres es \r\npoder saborear una rica tortilla de patata en cualquier momento sin ningún esfuerzo no dejes de probar nuestras \r\ndeliciosas tortillas de patata.', '00:35:00'),
(2, 'Porra archidonesa', 'Elaboración.\r\n\r\nSe pelan los tomates y se echan a la batidora en trozos junto a los ajos y el pimiento ya limpios. \r\nSe tritura a la máxima potencia y se cuela con ayuda de un chino  para evitar las pepitas. Se vuelve a poner esta \r\nmezcla en la batidora y se añade el pan, la sal y, finalmente,  el aceite poco a poco para que emulsione.  La porra debe tener \r\nuna consistencia que permita comerla con tenedor.  \r\nServir fría, con jamón serrano y huevo cocido picado y un chorrito de aceite de oliva virgen. También, es \r\nhabitual echarle una lata de atún escurriendo el aceite y echandola sin este.', '00:50:00'),
(3, 'Gazpachuelo', 'Elaboración:\r\n\r\nPedimos al pescadero que nos limpie la merluza, es decir, que retire los lomos de la espina central y la cabeza. \r\nAsímismo le pedimos que retire la piel de los lomos y, a ser posible, que los deje bien limpios de espinas. \r\nSi no tenemos un pescadero que nos haga la tarea, podemos limpiar la merluza en casa con cuidado \r\ny paciencia.\r\n\r\nPelamos y cortamos las patatas en trozos de igual tamaño. Pelamos los gambones o langostinos y \r\nreservamos los cuerpos. Colocamos la espina y cabeza de la merluza en una cacerola amplia junto con \r\nlas cáscaras de los gambones o langostinos, los trozos de patata, el laurel y el perejil. Agregamos \r\nel agua y llevamos a ebullición. Hervimos a fuego suave al tiempo que espumamos, durante 30 minutos.\r\n\r\nMientras tanto, cortamos la merluza en trozos pequeños y la reservamos junto con los cuerpos de los gambones \r\no langostinos. Una vez listo el caldo, lo colamos y pasamos a otra cacerola limpia junto con las patatas \r\ny cocemos durante 10-12 minutos. Preparamos una mayonesa con el huevo, los aceites, el zumo de limón \r\ny un poco de sal, siguiendo las indicaciones de esta receta o usando la que más os guste.\r\n\r\nRetiramos la cacerola del fuego y separamos un par de cacitos del caldo. Pasamos la mayonesa a un cuenco \r\ny le añadimos una pequeña cantidad de caldo caliente. Esto hay que hacerlo poco a poco y removiendo \r\ncon suavidad para evitar que la mahonesa se corte. Repetimos la operación cuantas veces sea necesario \r\nhasta incorporar todo el caldo que hemos reservado.\r\n\r\nAgregamos la merluza y los gambones o langostinos a la cacerola, que se cocerán rápidamente por el calor \r\nresidual. Esperamos un par de minutos antes de incorporar la mezcla de la mayonesa a la cacerola. Lo haremos \r\nlentamente, poco a poco, y mezclando con suavidad para evitar (de nuevo) que se corte la mayonesa. \r\nServimos inmediatamente y decoramos con un poco de perejil fresco picado.', '01:20:00'),
(4, 'Migas', 'Elaboración:\r\n\r\nSe corta el pan en rebanadas lo mas finas posibles y se echa en un recipiente hondo, se le añade una \r\ncuchara pequeña de sal al gusto, se le echa agua por encima y se deja reservado.\r\nEn una sartén de hierro se pone el aceite a calentar, mientras se pelan los ajos y una vez que estén se echan \r\na la sartén junto con los chorizos también picados. Sin dejarlos de remover se le añade el pan, se coge una \r\nespumadera, se mueve, dándole cortes a la supuesta masa, con el fuego moderado, aproximadamente 1 hora.', '01:30:00'),
(7, 'Moussaka', 'Elaboración:\r\n\r\nLava las berenjenas, córtalas en lonchas a lo largo (puedes ayudarte de una mandolina) y extiéndelas en una \r\nfuente grande. Sazónalas, inclina la fuente y deja que suden. Sécalas. Pon un chorrito de aceite en una \r\nsartén y cocina las berenjenas durante 2-3 minutos por cada lado. Resérvalas.\r\n\r\nPela los ajos, lamina y ponlos a dorar en una cazuela con un chorrito de aceite. Pela y pica las cebollas y \r\nel puerro en daditos y agrégalos. Pela las zanahorias, córtalas en 4 a lo largo y después en rodajas e \r\nincorpóralas. Rehoga todo bien. Sazona.\r\n\r\nSalpimienta la carne y añádela. Cocínala sin dejar de remover continuamente hasta que quede \r\nmuy suelta. Vierte el vino y dale un hervor a fuego fuerte hasta que se evapore el alcohol. Agrega la salsa \r\nde tomate y cocina todo durante 10-15 minutos.\r\n\r\nPara la bechamel, pon un poco de aceite a calentar en una cazuela, añade la harina y rehógala un poco. \r\nVierte la leche poco a poco y trabájala durante 8-10 minutos. Sazona y ralla encima un poco de nuez \r\nmoscada. Espolvoréala con perejil picado.\r\n\r\nCubre una bandeja apta para horno con una capa de lonchas de berenjena, cubre con otra capa \r\nde carne picada. Repite el proceso hasta terminar todos los ingredientes. Napa con la bechamel y ralla el \r\nqueso por encima. Gratina en el horno durante 3-4 minutos. Sirve y decora con una ramita de perejil.', '01:30:00'),
(8, 'Tarta de manzana con crema pas', 'Elaboración:\r\n\r\nPara hacer la base:\r\n\r\nMezcla la harina, el azúcar y la sal en un recipiente grande. Añade la mantequilla y amasa la mezcla con los dedos.\r\nIncorpora la yema de huevo hasta que la masa hasta que se integre por completo. Cucharada a cucharada ve añadiendo \r\nel agua fría hasta que la masa se pueda amasar bien y forme una bola.\r\nEnvuelve la bola en papel de film e introdúcelo en \r\nel frigorífico durante un mínimo de 3 horas o durante toda la noche.\r\n\r\nPara hacer la crema pastelera:\r\n\r\nCalienta la leche en una cazuela con la vaina de vainilla abierta.\r\nMezcla la harina, la Maicena, el azúcar y las \r\nyemas de huevo en un recipiente aparte. Incorpora un poco de leche caliente d ella cazuela para disolver todo.\r\nCuando la leche rompa a hervir, baja el fuego y retira la vaina de vainilla.\r\nAgrega la mezcla de leche, harinas, yema y azúcar, \r\ny revuélvelo con un batidor de varillas. No dejes de remover hasta que la mezcla empiece a espesar.\r\nCuando esté la crema pastelera, coloca un trozo de papel de film en la superficie para que no se forme esa capa dura \r\npor encima. Deja que enfríe completamente antes de utilizarla o mételo en la nevera.\r\n\r\nMontar la tarta:\r\n\r\nPrecalienta el horno a 200° C.\r\n\r\nPela las manzanas, retírales el corazón y córtalas en láminas finas. Coloca las manzanas en un recipiente y mézclalo con el \r\nazúcar y la canela. Si las manzanas empiezan a ponerse de color marrón, agrega una cucharada de jugo de limón.\r\nEstira la masa sobre un molde redondo para tartas de 22 cm de diámetro, cubriendo la base y las paredes por \r\ncompleto. Recorta la masa que sobra.\r\nPon la crema pastelera en la base del molde hasta que llegue hasta arriba y encima coloca las láminas de manzana con \r\npequeños trozos de mantequilla ablandada.\r\nColoca unas tiras de papel de aluminio alrededor de los bordes del molde para proteger la corteza de que se queme.\r\nIntroduce el molde en el horno durante 40 minutos. Pasado ese tiempo, retira el papel de aluminio y deja que se hornee \r\ndurante 10 minutos más, o hasta que las manzanas y la corteza empiecen a tomar un color dorado. Después, pon \r\nla tarta en una rejilla para que enfríe.\r\nMientras la tarta está todavía caliente, calienta la mermelada de melocotón con el zumo de limón hasta que hierva. \r\nRetíralo del fuego y con una brocha de repostería, aplica el jarabe encima de las manzanas para que tenga brillo.\r\n\r\nRefrigera la tarta cuando haya enfriado por completo y sírvela fría o a temperatura ambiente.', '01:30:00'),
(9, 'Cachopo', 'Elaboración:\r\nSalpimentamos los filetes de ternera (ojo, no les eches demasiada sal que el queso y el jamón o cecina que emplees, \r\nya tienen sal y podrán quedar demasiado salados)  \r\n2.- Ponemos uno de los filetes sobre una tabla de cocina y lo untamos por encima con el queso que hayas elegido. \r\nEncima del queso ponemos las lonchas de cecina o jamón serrano, hasta cubrir por completo. Después ponemos \r\notro filete por encima, de forma que haga de tapa de todo el relleno.  \r\n3.- Cogemos con cuidado pero con firmeza toda la pieza y la pasamos por harina, por huevo batido y \r\nfinalmente por pan rallado. Reservamos en un plato y dejamos reposar en la nevera 1 hora, para que se \r\nasienten bien todos los ingredientes  \r\n4.- Freímos en abundante aceite caliente. Que cubra por completo al cachopo. Pasados dos o tres minutos, \r\ncuando esté dorado, lo retiramos y lo ponemos sobre papel absorbente, antes de emplatarlo.', '00:20:00'),
(20, 'Macarrones con tomate', 'Elaboración: \r\nCocemos los macarrones, añadimos tomate frito y dos latas de atún.Salteamos una cebolla y \r\ndos zanahorias. Esto lo añadimos a los macarrones con atún y listo.', '00:20:00'),
(26, 'Pipirrana', 'Elaboración: \r\nSi vamos a usar el pulpo sin cocer, lo primero que hay que hacer es cocerlo, para ello debemos tenerlo congelado \r\npara que ablande, es decir si lo hemos comprado fresco lo congelaremos y una vez congelado lo \r\ndejamos descongelar en la nevera hasta que esté listo, con esto ya evitamos que se quede duro, luego antes \r\nde cocerlo debemos ponerlo en una olla con agua y llevarlo a calentar, una vez el agua hierva metemos y sacamos \r\nunas 3 o 4 veces nuestro pulpo para así hacer que la piel se pegue y no se nos desmorone en la cocción (con unos \r\nsegundos cada paso es suficiente). Ya podemos meterlo y dejarlo cocer a fuego fuerte, el tiempo dependerá de los kilos \r\ndel pulpo, suelen decir que unos 20 minutos por kilo pero yo por mi experiencia diría que lo fueseis probando ya \r\nque cada fuego es un mundo y cada pulpo también, id catando y cuando esté al dente (como la pasta) paramos \r\nla cocción y cuando se temple el agua lo sacamos.\r\n\r\nLavamos, secamos y cortamos nuestras verduras, brotes tiernos (canónigos, rúcula, espinaca.... podemos usar \r\nuna o mezcla de varias), tomate, pimiento verde, también podemos añadir cebolla.\r\n\r\nAñadimos las verduras a un bol y luego el pulpo cuando esté frío ya sólo nos queda aliñar con sal y un buen aceite de oliva.\r\n\r\nSi no tenemos pulpo o no nos gusta podemos hacerla con langostinos, gulas, bocas de mar...e incluso añadir huevo \r\nduro si nos apetece.', '00:25:00'),
(27, 'Ensalada de esparragos', 'Elaboración:\r\nSi usamos los espárragos de bote no hace falta cocinarlos aunque podemos pasarlos por la plancha, \r\nyo prefiero los frescos o congelados y los hago a la plancha con sal gorda y los añado al final.\r\n\r\nPonemos en un cuenco las verduras lavadas y cortadas.\r\n\r\nCortamos en dados el aguacate y el queso fresco y añadimos a la ensalada.\r\n\r\nAñadimos los espárragos y por último la vinagreta (aceite, sal, limón, vinagre balsámico) por encima de todo, \r\nmezclamos y listo.', '00:30:00'),
(28, 'Sopa oriental', 'Elaboración:\r\nRehogamos la cebolla troceada y la zanahoria en 2 cucharadas de aceite de oliva o sésamo, cuando cambie de color, \r\nañadimos el caldo y llevamos a hervir, cuando rompa a hervir, añadimos nuestra carne y cocinamos unos 15 minutos a \r\nfuego medio/bajo.\r\n\r\nAñadimos los fideos y la salsa de soja y cocinamos unos 10 o 15 minutos más, dependerá del fideo que hayamos escogido.\r\nMientras preparamos la sopa podemos ir cociendo los huevos a parte.\r\nAhora toca emplatar, sacamos el caldo, \r\nfideos, carne y verduras en un cuenco, añadimos el huevo cocido cortado en rodajas, un poco de cebollino picado \r\ny listo, a disfrutar!\r\nPodemos añadir más verduras si queremos, yo también lo hago con sestas.\r\n\r\nIngredientes:\r\n\r\n-2 Huevos\r\n\r\n- 500 ml de caldo de pollo\r\n\r\n- 50 gramos de carne de pollo (picada o troceada)\r\n\r\n- 1/2 cebolla\r\n\r\n- Zanahorias\r\n\r\n- salsa de soja\r\n\r\n- aceite de sésamo o de oliva\r\n\r\n- cebollino\r\n\r\n- sal y pimienta\r\n\r\n- 100 gr fideos de soja o de arroz\r\n', '00:45:00'),
(29, 'Raviolis rellenos de manzana', 'Elaboración:\r\nHacemos en el micro la manzana picada troceada en trozos pequeños\r\nMezclamos la manzana con el queso fresco\r\nPicamos las nueces y mezclamos con el queso y la manzana\r\nCortamos con ayuda de un pelador las lonchas \r\nde calabacin a lo largo y montamos en forma de cruz, rellenamos con una cucharilla con cuidado en el centro, cerramos \r\ny hacemos a la plancha, también podemos hacerlo al revés, hacemos vuelta y vuelta el calabacin y luego lo montamos.\r\n\r\nIngredientes, relleno de manzana:\r\n\r\n- Calabacin\r\n\r\n- Queso fresco\r\n\r\n- Manzana\r\n\r\n- Aceite de oliva\r\n\r\n- Nueces picadas\r\n', '01:10:00'),
(30, 'Carpaccio de calabacin', 'Elaboración:\r\nCortamos nuestro calabacin con ayuda de un pelador o mandolina para que quede fino, añadimos sal y pimienta\r\n y lo ponemos en un plato.\r\nAñadimos el queso light, puede ser rallado o cortarlo en trozos pequeños para que al añadir el aceite se aliñe todo bien.\r\nPor último le añadimos un puñado de nueces picadas por encima y aliñamos con una cucharada de un buen aceite de oliva.\r\n\r\nIngredientes:\r\n\r\n- Calabacín\r\n\r\n- Aceite de oliva\r\n\r\n- Limón\r\n\r\n- Queso light\r\n\r\n- Nueces\r\n', '00:55:00'),
(31, 'Huevo en salsa', 'Elaboración:\r\nPelamos y cortamos la cebolla en juliana, añadimos los pimientos también troceados y los guisantes, \r\ncocinamos todo junto con una cucharada de aceite durante unos 5 minutos.\r\nAñadimos el ajo y luego el tomate frito, rehogamos y mezclamos todo junto.\r\nPonemos en cazuelas o recipientes aptos para el horno, yo uso de barro, con estas cantidades sale para 4, \r\nañadimos el sofrito con el tomate, añadimos el jamón picado, si nos gusta en crudo lo añadimos al final, \r\nluego el huevo y metemos en el horno a 180 grados durante 5 minutos o hasta que el huevo esté a nuestro gusto. \r\nPodemos añadirle picante a la salsa de tomate si nos gusta.\r\nSi no tenemos horno se pueden \r\ncocinar en la salsa vigilando que cuaje.\r\n\r\nIngredientes: (4 personas)\r\n- 4 Huevos\r\n\r\n- 100 gramos de tomate frito casero o 0%\r\n\r\n- 2 pimientos del piquillo\r\n\r\n- 1/2 cebolla\r\n\r\n- 2 lonchas de jamón serrano (evitar la grasa)\r\n\r\n- guisantes\r\n\r\n- 1 diente de ajo o ajo en polvo\r\n\r\n- sal, pimienta\r\n\r\n- aceite de oliva\r\n', '01:00:00'),
(32, 'Sepia en salsa americana', 'Elaboración:\r\nEn 2 cucharadas de aceite de oliva rehogamos la cebolla muy picada y los ajos. Cuando cambien de color ya estará \r\nlisto, añadimos la sepia troceada y limpia.\r\nRehogamos todo junto unos 8 o 10 minutos, a fuego medio.\r\nSubimos el fuego y añadimos el vino blanco \r\ny cocinamos unos 5 minutos hasta evaporar el alcohol, el alcohol se evapora cuando la salsa esté homogénea \r\ny no huele a vino.\r\nBajamos el fuego, añadimos el tomate, perejil picado, sal, pimienta, la cayena y mezclamos bien.\r\nTapamos y cocinamos todo unos 20 minutos o hasta que la sepia esté tierna. Si usamos pescado blanco con 5 o \r\n10 minutos bastará. (cocinamos la salsa y en los últimos 10 minutos añadimos el pescado).\r\n\r\nIngredientes:\r\n- 100 gramos de tomate frito (light o 0%)\r\n\r\n- 100 gramos de cebolla\r\n\r\n- Aceite de oliva\r\n\r\n- 2 dientes de ajo\r\n\r\n- Perejil\r\n\r\n- 100 ml de vino blanco\r\n\r\n- Sal, Pimienta\r\n\r\n- Cayena (ocional)\r\n', '01:00:00'),
(33, 'Pollo con salsa de queso', 'Elaboración:\r\nCon una cucharada de aceite sellamos el pollo y reservamos.\r\nTroceamos la cebolla y rehogamos en el aceite de oliva, añadimos el vino cocinamos un par de minutos y añadimos el agua.\r\nCuando esté caliente, añadimos los quesitos y removemos hasta crear una salsa homogénea.\r\nAñadimos el pollo y cocinamos todo junto 10 minutos o hasta que el pollo esté a nuestro gusto.\r\n\r\nIngredientes:\r\n- Pechuga de pollo\r\n\r\n- 1 Cebolla\r\n\r\n- 4 Quesitos light (podemos usar la versión normal o queso azul, yo uso los de La Vaca que ríe)\r\n\r\n- 100 ml de agua\r\n\r\n- 100 ml de vino blanco\r\n\r\n- Sal, Pimienta\r\n\r\n- Aceite de oliva', '00:40:00'),
(34, 'Endivias con salmón', 'Elaboración:\r\nLavar la endivia y separa las hojas.\r\nCocer el huevo y trocear junto con la cebolla en trozos pequeños.\r\nBatir el queso con el limón.\r\nPoner las endivias, el salmón, el huevo y cebolla. Por último añadir la salsa.\r\n\r\nIngredientes:\r\n- 1 Endivia\r\n\r\n- 100 gramos de queso fresco\r\n\r\n- 50 gramos de salmón ahumado\r\n\r\n- 1/4 cebolla dulce\r\n\r\n- 2 cucharadas de limón\r\n\r\n- 1 Huevo cocido\r\n\r\n- Eneldo\r\n', '00:15:00'),
(35, 'Rollito de pollo al microondas', 'Elaboración:\r\nAplastamos el filete hasta dejarlo fino, si nos lo venden fileteado este paso nos lo podemos ahorrar. Salpimentamos.\r\nPonemos la loncha de pavo y la de queso en cada filete y enrollamos formando un rollito y fijándolo con un \r\npalillo atravesando el rollito.\r\nEn el recipiente apto para microondas (yo uso la marca Lekué), ponemos la cebolla cortada finamente en juliana \r\no picada y las setas, el aceite, la salsa de soja y por último los rollitos.\r\nAhora sólo nos queda cocinarlos durante \r\n5 minutos tapado a máxima potencia, si una vez pasado el tiempo queremos que esté más hecho podemos \r\nañadir un minuto más.\r\n\r\nIngredientes:\r\n- 2 Filetes de pollo\r\n\r\n- 2 lonchas de pechuga de pavo\r\n\r\n- 2 lonchas de queso light\r\n\r\n- 1/2 cebolla\r\n\r\n- 50 gramos de setas\r\n\r\n- 1 cucharada de salsa de soja (opcional)\r\n\r\n- 1 cucharada de aceite de oliva\r\n\r\n- sal y pimienta', '00:35:00'),
(36, 'Rollito de pavo y verduras', 'Elaboración:\r\nAplastamos los filetes y salpimentamos.\r\nRehogamos nuestra verdura hasta que esté al dente.\r\nMezclamos el yogur con el quesito y añadimos las especias, luego ponemos la verdura, en mi caso las espinacas \r\ny mezclamos bien.\r\nAñadimos la mezcla a nuestros filetes y formamos el rulo, cerramos con ayuda de papel aluminio.\r\nCon el horno precalentado a 180 grados, lo cocinamos durante 20 minutos y ya estaría listo.\r\n\r\nIngredientes:\r\n\r\n- 2 Filetes de pollo\r\n\r\n- 200 gramos de espinacas (puede ser la verdura que queramos, calabacin, cebolla, espárragos...)\r\n\r\n- 1 Quesito bajo en calorías\r\n\r\n- 2 cucharadas de yogur natural desnatado\r\n\r\n- sal, pimienta, nuez moscada, ajo en polvo\r\n\r\n- aceite de oliva\r\n', '00:55:00'),
(37, 'Albondigas de pollo', 'Elaboración:\r\nPonemos el pan en la leche\r\nMezclamos todo bien con las manos hasta que consigamos una masa uniforme.\r\nMetemos en la nevera durante 2 horas.\r\n\r\nAhora hacemos bolas con las manos, como no vamos a freírlas en aceite, lo ideal es no hacerlas demasiado grandes, \r\nlas podemos hacer en el horno o cocinadas en salsa con la receta de arriba.\r\n\r\nIngredientes:\r\n\r\n- 1 Kilo de carne de pollo, pavo y/o ternera\r\n\r\n- 1 Rebanada de pan de molde sin corteza\r\n\r\n- 1 Huevo\r\n\r\n- 100 ml de leche desnatada\r\n\r\n- Sal y Pimienta\r\n\r\n- Ajo o Ajo en polvo\r\n\r\n- Perejil picado\r\n', '01:00:00'),
(38, 'Rollitos de col relleno', 'Elaboración:\r\nCogemos una col grande y lavamos bien las hojas, utilizamos las más grandes para el relleno.\r\nCocemos las hojas de col unos 8 o 10 minutos en agua con sal, las sacamos y secamos con papel de cocina.\r\nEn una sartén salteamos el rellenos que hayamos elegido, marisco, verduras o carne picada, podemos \r\nincluir cebolla, cebollino, zanahorias...con el relleno.\r\nPonemos las hojas en una superficie y vamos rellenando con cuidado, en el centro con una cuchara, formamos \r\nun rollito y cerramos.\r\nPrecalentamos el horno a 180 grados centígrados.\r\nMetemos en el horno unos 10 minutos.\r\n\r\nNota: las podemos poner directamente con salsa de soja o con un fondo de tomate frito y queso light.\r\n\r\nIngredientes:\r\n\r\n- Una col grande\r\n\r\n- Carne picada, gambas y/o bocas de mar o verduras\r\n\r\n- Sal y Pimienta\r\n\r\n- Salsa de soja (opcional)\r\n', '00:40:00'),
(39, 'Arroz de coliflor', 'Elaboración:\r\nLavamos y secamos bien nuestra coliflor.\r\nVamos cortando y luego picamos todo con una picadora, debe quedar unos granitos similares al arroz.\r\nPrecalentamos el horno a 180 grados centígrados.\r\nExtendemos los granos de coliflor en un papel de horno, podemos pulverizar con un poco de aceite de oliva \r\ny añadimos las especias, lo pondremos en el horno durante unos 15 minutos, ya lo tendríamos listo.\r\nTambién podemos hacerlo en una sartén con un poco de aceite de oliva a fuego medio/alto, tapado \r\ny removiendo de vez en cuando.\r\nYa lo tendríamos listo para acompañar cualquier receta, también podemos añadirle tomate, salsa de yogur...\r\n\r\nIngredientes:\r\n\r\n- 1/2 coliflor\r\n\r\n- Especias al gusto (las mismas que le echaríamos al arroz)\r\n', '00:25:00'),
(40, 'Salsa de queso azul', 'Elaboración:\r\nCortamos la cebolla en trozos pequeños o en juliana (al gusto)\r\nCalentamos el aceite de oliva y rehogamos \r\na fuego medio la cebolla y añadimos la pimienta\r\nCuando la cebolla transparente añadimos el vino y evaporamos un par de pimientos a fuego fuerte\r\nAñadimos el agua y cuando esté caliente (un minuto aproximadamente) añadimos los quesitos de queso azul light y \r\nremovemos partiendo los quesitos, debemos conseguir una salsa homogénea, si hace falta añadimos más quesitos.\r\nYa la tendremos lista, no la hice con pollo por lo que serían los mismos pasos incluyendo rehogar dos pechugas \r\ntroceadas hasta que estén cocinadas y añadir al final de la receta o bien reservar y llevar la salsa aparte y añadir cuando \r\nlo vayamos a comer. \r\n\r\nNota: esta salsa se puede graduar en espesor, también podemos dejar trozos de queso sin fundir y queda perfecta \r\npara rellenar rollitos de verduras, como en la foto.\r\n\r\nIngredientes (2personas):\r\n\r\n- 1/2 cebolla\r\n\r\n- 4 Quesitos light (sabor queso azul)\r\n\r\n- 1/2 vaso de vino blanco\r\n\r\n- 1/2 vaso de agua\r\n\r\n- Pimienta en grano\r\n\r\n- Sal\r\n\r\n- 2 cucharadas de aceite de oliva\r\n', '00:20:00'),
(41, 'Pisto con bacalao', 'Elaboración:\r\nPreparamos el pisto, se puede congelar por lo que lo podemos preparar con antelación y sacarlo la noche anterior si \r\nnos lo llevamos en la fiambrera.\r\nSellamos el bacalao a la plancha con unas gotas de aceite de oliva, con un para de minutos por cada lado es suficiente, \r\npodemos ponerle también un poco de ajo.\r\nCalentamos en una cacerola el pisto y añadimos el bacalao y cocinamos junto un par de minutos. \r\nYa tenemos listo nuestro plato.\r\n\r\nIngredientes:\r\n\r\n- Pisto (tomate, pimiento verde, berenjena, calabacín, cebolla)\r\n\r\n- 2 Lomos de Bacalao (para dos personas si son grandes)\r\n\r\n- Aceite de oliva\r\n\r\n- Sal y Pimienta\r\n', '01:25:00'),
(42, 'Zarangollo murciano', 'Elaboración:\r\nLavamos y cortamos nuestras verduras, las cebollas en juliana y el calabacín en rodajas finas.\r\nEn una sartén añadimos el aceite e incorporamos nuestras verduras, vamos pochando hasta que estén listas.\r\nAñadimos los huevos e integramos en forma de revuelto hasta que el huevo esté listo y ya tenemos nuestra receta \r\npreparada y lista para disfrutar.\r\n\r\nIngredientes:\r\n\r\n- 1 Calabacín grandes o 2 pequeños\r\n\r\n- 2 Cebollas\r\n\r\n- 2 Huevos\r\n\r\n- Aceite de oliva\r\n\r\n- Sal y Pimienta\r\n', '00:30:00'),
(43, 'Pimientos rellenos de marisco', 'Elaboración:\r\nLo primero que tenemos que preparar es nuestra bechamel de dieta, aquí tenéis la receta.\r\nEn el vaso de la batidora metemos el marisco, atún, bocas de mar...el relleno que queramos usar, yo \r\nen el vídeo compré un salpicón de marisco que ya viene cocido y se usa para ensaladillas o para hacer paella.\r\nAñadimos unas cucharadas de nuestra bechamel de calabacín en el vaso de la batidora y empezamos a batir, con esto, \r\nconseguiremos una pasta de marisco, perfecta para rellenar verduras y pastas, iremos añadiento \r\nbechamel hasta que consigamos una pasta suave que podamos manejar para rellenar nuestros pimientos.\r\nCon la ayuda de una cuchara pequeña o bien de una manga pastelera, esta es la mejor opción, vamos rellenando \r\nnuestros pimientos del piquillo hasta el borde y los vamos colocando en el plato, una vez \r\nrellenos todos, le añadimos por encima la bechamel sobrante y si queremos gratinarlos podemos poner queso \r\nrallado light por encima.\r\nSe puede servir frío o caliente.\r\n\r\nIngredientes (2 personas)\r\n\r\n- 8 pimientos del piquillo (de bote)\r\n\r\n- 150 gr calabacín\r\n\r\n- 500 gr de marisco cocido8\r\n\r\n- 15 gr de aceite de oliva\r\n\r\n- 50 gr de leche\r\n\r\n- 2 quesitos light\r\n\r\n- 1/4 cebolla\r\n\r\n- Sal, pimienta y nuez moscada', '00:50:00'),
(44, 'Chips de patatas y verduras', 'Elaboración:\r\nLavamos las verduras y secamos bien.\r\nPrecalentamos nuestro horno a 190 grados centígrados.\r\nAhora toca cortarlas, yo uso una mandolina porque así salen todos los cortes con el mismo grosor y se cocinan a la vez.\r\nEn un bol, mezclamos las verduras que hayamos elegido con las especias y una cucharada de aceite para engrasar bien \r\ny pegar las especias.\r\nColocamos en la bandeja con papel de horno nuestras verduras, sin que se pisen.\r\nMetemos al horno y cocinamos entre 5 y 10 minutos, dependerá de cada horno y cómo nos guste de tostadas las verduras, \r\nyo en este caso lo que hago es vigilarlo y sacar la bandeja cuando veo que están crujientes.\r\nPodemos acompañar las verduras con alguna salsa de queso, yogur, tomate... ya tenemos nuestros chips \r\nlistos para picotear de forma sana!\r\n\r\nIngredientes:\r\n\r\n- Calabacín\r\n\r\n- Patata\r\n\r\n- Berenjena\r\n\r\n- Especias al gusto (sal, pimienta, orégano, ajo, cebolla, curry, cúrcuma...).\r\n', '00:20:00'),
(45, 'Bizcocho de platano y chocolat', 'Mugcake de plátano\r\n\r\nElaboración:\r\n\r\nMezclamos bien todos los ingredientes en una taza y lo metemos al microondas un minuto a máxima potencia, \r\nsube así que no llenéis la taza entera, lo normal es que en un minuto esté listo, si no es así ponerlo 10 segundos más. \r\nPodemos adornarlo con frutos secos y canela.Ya tenemos nuestro mug cake listo, el plátano le da la textura por \r\nlo que si usamos una avena de sabor como chocolate matará un poco el sabor del plátano \r\npero si usamos una avena neutra, nuestro bizcocho sabrá a plátano, ya es a nuestra elección, las dos están muy ricas.\r\n\r\nIngredientes:\r\n\r\n- 1 cucharada de aceite\r\n\r\n- 1 plátano maduro\r\n\r\n- 1 sobre de stevia ( si usamos avena de sabor no es necesaria)\r\n\r\n- 1 cucharadita de levadura\r\n\r\n- 1/3 taza de avena (neutra o con sabor)\r\n\r\n\r\n\r\nMugcake de chocolate\r\n\r\nElaboración:\r\n\r\nMezclamos todo y lo ponemos un minuto y medio en el microondas a máxima potencia. Si no está listo le \r\nañadimos 10 segundo más, lo adornamos con canela, fruta, frutos secos...\r\nNota: podemos usar yogur de chocolate y/o avena de sabor así será más dulce y con sabor a chocolate. \r\nSi usamos avena neutra podemos añadirle el cacao en polvo y el edulcorante para lograr el dulzor deseado.\r\n\r\n\r\nIngredientes:\r\n\r\n- 1Cucharada de yogur natural desnatado y edulcorado\r\n\r\n- Stevia o sirope de agave al gusto\r\n\r\n- 1 cucharada de cacao en polvo desgrasado\r\n\r\n- 2 cucharadas grandes de harina de avena\r\n\r\n- 1 Clara de huevo\r\n\r\n- Aceite de oliva para pintar la taza por dentro\r\n', '01:30:00'),
(46, 'Salmón a la naranja', 'Elaboración:\r\nPicamos la menta junto con el diente de ajo y salpimentamos.\r\nMezclamos el zumo de naranja y el limón \r\ncon las especias en un bol y marinamos ahí nuestro salmón una o 2 horas mínimo.\r\nEn una sartén ponemos unas gotas de aceite y sellamos el salmón, añadimos la salsa en la que lo hemos marinado \r\ny lo llevamos a hervir, bajamos el fuego y tapamos hasta terminar de cocinar.\r\nPodemos adornar con láminas de naranja o limón y eneldo.\r\n\r\nIngredientes:\r\n\r\n- 1 Filete de salmón, limpio y sin piel.\r\n\r\n- Hojas de menta\r\n\r\n- Zumo de una naranja\r\n\r\n- 1/2 zumo de limón\r\n\r\n- 1 diente de ajo\r\n\r\n- Eneldo\r\n\r\n- Sal\r\n\r\n- Aceite de oliva\r\n', '00:50:00'),
(47, 'Pollo al limón', 'Elaboración:\r\nPonemos a calentar 2 cucharadas de aceite en una cacerola.\r\nCortamos en juliana la cebolla y \r\nrehogamos, reservamos.\r\nTroceamos las pechugas de pollo y sellamos en la cacerola, una vez tostado por fuera, añadimos la cebolla \r\nque habíamos reservado.\r\nMezclamos el sobre de sopa de cebolla y zumo de limón y añadimos a la cacerola.\r\nMovemos bien para mezclar todos los ingredientes y cocemos a fuego medio durante 15 o 20 minutos, comprobar \r\nque el pollo está cocinado y jugoso y ya tenemos nuestro plato listo!\r\n\r\nIngredientes:\r\n\r\n- Pollo (2 pechugas o muslitos)\r\n\r\n- 1 Sobre de Sopa de Cebolla\r\n\r\n- 3 limones para el zumo\r\n\r\n- Media cebolla (opcional)\r\n\r\n- Aceite de oliva', '00:20:00'),
(48, 'Pastel de verduras y atún', 'Elaboración:\r\nLavamos y cortamos todas las verduras, para que se cocinen todas a la vez es importante que los trozos \r\nsean similares en tamaño.\r\nPrecalentamos nuestro horno a 180 grados centígrados, calor arriba y abajo o sólo arriba ya que vamos a gratinar.\r\nAñadimos 2 o 3 cucharadas de aceite de oliva a la sartén y rehogamos nuestras verduras, menos la \r\nberenjena (típico sofrito pero con menos aceite). Salpimentamos.\r\nLa berenjena la haremos en el microondas, las partimos en dos, hacemos cortes profundos en la \r\npiel y la metemos 7 minutos a máxima potencia, una vez transcurrido el tiempo, con una cuchara, vaciamos \r\nla berenjena en nuestro sofrito y terminamos de cocinar todo junto, con un par de minutos es suficientes. \r\nCocinando la berenjena a parte evitamos que absorba todo el aceite y deje el resto de verduras cocidas o crudas.\r\nUna vez estén listas, añadimos el tomate frito y las latas de atún (al natural o en aceite de oliva \r\nescurridas). Mezclamos bien y lo ponemos en una fuente de horno.\r\nAhora toca añadir nuestro queso \r\nlight, yo suelo usar muchas especias, por ejemplo siempre que uso salsa de tomate le añado unas especias \r\nitalianas que tengo u orégano, ajo en polvo, picante...esto ya lo dejo a vuestro gusto.\r\nYa sólo nos queda meter la bandeja y mirar con ansia viva a través del cristal del horno a que nuestro \r\nqueso se funda y se mezcle todo, ya tenemos nuestro pastel listo.\r\n\r\nIngredientes (3 o 4 Personas)\r\n\r\n- 1 Cebolla\r\n\r\n- 1 Pimientos verde\r\n\r\n- 1 Pimiento rojo\r\n\r\n- Tomate frito (casero o 0%)\r\n\r\n- Latas de atún (1 por persona mínimo)\r\n\r\n- Berenjenas (1 o 2), también se puede cambiar por calabacín\r\n\r\n- Puerro (opcional)\r\n\r\n- Queso light que se pueda rallar o venga rallado (también sirven los tranchetes)\r\n\r\n- Aceite de Oliva\r\n\r\n- Sal, Pimienta y orégano\r\n', '02:00:00'),
(49, 'Crema de verduras', 'Elaboración:\r\nCortamos todas las verduras más o menos al mismo tamaño para que se cocinen a la vez.\r\nCubrimos de agua, no echar de más ya que las verduras sueltan agua, sólo cubrir para que se cocinen bien.\r\nAñadimos el aceite de oliva y la sal, cocemos a fuego medio-alto.\r\nCuando las verduras estén listas, metemos la batidora y si es necesario pasamos por el pasapuré para quitar grumos \r\no hebras del apio.\r\nYa tenemos nuestra crema lista, si queremos tomarla de cena podéis añadir huevo duro y jamón a la crema y listo.\r\n\r\nIngredientes:\r\n\r\n- 4 zanahorias\r\n\r\n- 1 Nabo\r\n\r\n- 1 Puerro\r\n\r\n- 1 Apio\r\n\r\n- Una bolsa de espinacas frescas\r\n\r\n- 1 Calabacín\r\n\r\n- 1 Trozo de calabaza\r\n\r\n- 1 Patata (opcional, yo no se la pongo)\r\n\r\n- 100 gr de judías verdes\r\n\r\n- 1 cucharada de aceite de oliva\r\n\r\n- Sal.\r\n', '00:55:00'),
(50, 'Almejas a la marinera', 'Elaboración:\r\nEn un bol ponemos agua y un poco de sal y metemos nuestras almejas para que suelten la tierra que puedan tener.\r\nCortamos los dientes de ajo (1, 2 o ajo en polvo)\r\nCalentamos en una sartén las dos cucharadas de aceite y cuando esté caliente le añadimos el ajo, cuando empiece \r\na cambiar de color, cuidado que no se quemen, añadimos las almejas y movemos  para mezclar con los ajos.\r\nCuando empiecen a abrir las almejas le ponemos la cucharada de pimentón y el vino blanco y mezclamos bien.\r\nEvaporamos el vino mientras las almejas terminan de abrirse, si queremos podemos añadir un cucharadita pequeña \r\nde maicena para ligar mejor la salsa.\r\nEmplatamos y espolvoreamos con perejil.\r\n\r\nIngredientes:\r\n\r\n- Ajo (al gusto)\r\n\r\n- Perejil (yo uso el picado)\r\n\r\n- 1 Malla de almejas o coquinas (1 kg aproximadamente)\r\n\r\n- 1 cucharadita de pimentón\r\n\r\n- 1/3 vaso de vino blanco\r\n\r\n- 2 cucharadas de aceite de oliva\r\n', '00:20:00');

-- --------------------------------------------------------

--
-- Estructura de tabla para la tabla `usuario`
--

CREATE TABLE `usuario` (
  `idUsuario` int(8) NOT NULL,
  `usuario` varchar(20) NOT NULL,
  `password` varchar(100) NOT NULL,
  `email` varchar(100) NOT NULL,
  `nombre` varchar(50) NOT NULL,
  `apellidos` varchar(50) NOT NULL,
  `altura` int(3) DEFAULT NULL,
  `peso` decimal(3,0) DEFAULT NULL,
  `sexo` varchar(10) DEFAULT NULL,
  `tipoUser` varchar(20) NOT NULL
) ENGINE=InnoDB DEFAULT CHARSET=utf8;

--
-- Volcado de datos para la tabla `usuario`
--

INSERT INTO `usuario` (`idUsuario`, `usuario`, `password`, `email`, `nombre`, `apellidos`, `altura`, `peso`, `sexo`, `tipoUser`) VALUES
(6, 'admin-hash', '$2y$10$MFwroEIppEVXN4UlnqDByOlusfMW', 'admin@admin.com', 'bea', 'admin', 0, '0', 'Mujer', ''),
(8, 'admin-md5', '21232f297a57a5a743894a0e4a801fc3', 'admin@admin.com', 'ADMIN-MD5', 'ADMIN', 0, '0', 'Mujer', 'admin'),
(13, 'bea', 'c7d0b218c69e9357718a1b6ed7a0c17b', 'bea@bea.com', 'bea', 'bea', 0, '0', 'Mujer', 'admin'),
(16, 'guille', 'b8f002559f4cfc740db2de36535cac6b', 'guille@mata.com', 'Guille', 'Mata', 0, '0', 'Hombre', ''),
(17, 'isabel', 'isabel', 'isabel@gamil.com', 'isabel', 'ramos', 2, '60', 'Mujer', ''),
(19, 'ali', '86318e52f5ed4801abe1d13d509443de', 'ali@ali.com', 'alicia', 'pr', 0, '0', 'Mujer', ''),
(20, 'anacleto', '202cb962ac59075b964b07152d234b70', 'anacleto@anacleto.com', 'anacleto', 'martin', 0, '0', 'Hombre', ''),
(21, 'a.perez', '827ccb0eea8a706c4c34a16891f84e7b', 'ana@perez.com', 'ana', 'perez', 0, '0', 'Mujer', ''),
(24, 'lau', '827ccb0eea8a706c4c34a16891f84e7b', 'lau@sanchez.com', 'laura', 'sanchez', 0, '0', 'Mujer', ''),
(82, 'AnaR', '54aa9fd86eecde0e3e83fcf045ab6357', 'ana@reyes.com', 'Ana', 'Reyes', 170, '80', 'Mujer', ''),
(84, 'Fran', '68cb84b3d2298aa6fa4086ce55fa72f7', 'fran@fran.com', 'Francisco', 'Pacheco', 180, '85', 'Hombre', '');

--
-- Índices para tablas volcadas
--

--
-- Indices de la tabla `alimento`
--
ALTER TABLE `alimento`
  ADD PRIMARY KEY (`idAlimento`),
  ADD KEY `fk_idCategoria` (`idCategoria`) USING BTREE,
  ADD KEY `idCategoria` (`idCategoria`);

--
-- Indices de la tabla `categoria`
--
ALTER TABLE `categoria`
  ADD PRIMARY KEY (`idCategoria`);

--
-- Indices de la tabla `lista_recetas`
--
ALTER TABLE `lista_recetas`
  ADD PRIMARY KEY (`idReceta`,`idUsuario`),
  ADD KEY `fk_idReceta_lista_recetas` (`idReceta`),
  ADD KEY `fk_idUsuario_lista_recetas` (`idUsuario`);

--
-- Indices de la tabla `objetivo`
--
ALTER TABLE `objetivo`
  ADD PRIMARY KEY (`idObj`);

--
-- Indices de la tabla `objetivo_personal`
--
ALTER TABLE `objetivo_personal`
  ADD PRIMARY KEY (`idObjPersonal`),
  ADD KEY `fk_idUsu` (`idUsuario`),
  ADD KEY `idObj` (`idObj`);

--
-- Indices de la tabla `receta`
--
ALTER TABLE `receta`
  ADD PRIMARY KEY (`idReceta`);

--
-- Indices de la tabla `usuario`
--
ALTER TABLE `usuario`
  ADD PRIMARY KEY (`idUsuario`);

--
-- AUTO_INCREMENT de las tablas volcadas
--

--
-- AUTO_INCREMENT de la tabla `alimento`
--
ALTER TABLE `alimento`
  MODIFY `idAlimento` int(8) NOT NULL AUTO_INCREMENT, AUTO_INCREMENT=674;

--
-- AUTO_INCREMENT de la tabla `categoria`
--
ALTER TABLE `categoria`
  MODIFY `idCategoria` int(11) NOT NULL AUTO_INCREMENT, AUTO_INCREMENT=16;

--
-- AUTO_INCREMENT de la tabla `objetivo`
--
ALTER TABLE `objetivo`
  MODIFY `idObj` int(8) NOT NULL AUTO_INCREMENT, AUTO_INCREMENT=13;

--
-- AUTO_INCREMENT de la tabla `objetivo_personal`
--
ALTER TABLE `objetivo_personal`
  MODIFY `idObjPersonal` int(8) NOT NULL AUTO_INCREMENT, AUTO_INCREMENT=58;

--
-- AUTO_INCREMENT de la tabla `receta`
--
ALTER TABLE `receta`
  MODIFY `idReceta` int(8) NOT NULL AUTO_INCREMENT, AUTO_INCREMENT=52;

--
-- AUTO_INCREMENT de la tabla `usuario`
--
ALTER TABLE `usuario`
  MODIFY `idUsuario` int(8) NOT NULL AUTO_INCREMENT, AUTO_INCREMENT=85;

--
-- Restricciones para tablas volcadas
--

--
-- Filtros para la tabla `alimento`
--
ALTER TABLE `alimento`
  ADD CONSTRAINT `alimento_ibfk_1` FOREIGN KEY (`idCategoria`) REFERENCES `categoria` (`idCategoria`);

--
-- Filtros para la tabla `lista_recetas`
--
ALTER TABLE `lista_recetas`
  ADD CONSTRAINT `fk_idReceta_lista_recetas` FOREIGN KEY (`idReceta`) REFERENCES `receta` (`idReceta`),
  ADD CONSTRAINT `fk_idUsuario_lista_recetas` FOREIGN KEY (`idUsuario`) REFERENCES `usuario` (`idUsuario`);

--
-- Filtros para la tabla `objetivo_personal`
--
ALTER TABLE `objetivo_personal`
  ADD CONSTRAINT `fk_ObjPrincipal` FOREIGN KEY (`idObj`) REFERENCES `objetivo` (`idObj`),
  ADD CONSTRAINT `fk_idUsu` FOREIGN KEY (`idUsuario`) REFERENCES `usuario` (`idUsuario`);
COMMIT;

/*!40101 SET CHARACTER_SET_CLIENT=@OLD_CHARACTER_SET_CLIENT */;
/*!40101 SET CHARACTER_SET_RESULTS=@OLD_CHARACTER_SET_RESULTS */;
/*!40101 SET COLLATION_CONNECTION=@OLD_COLLATION_CONNECTION */;
